name,city,state,type,fees_ug_inr,placement_avg_lpa,rating,nirf_rank
IIT (ISM) Dhanbad,Dhanbad,Jharkhand,IIT,225000,12,8.4,15
IIT Bhilai,Raipur,Chhattisgarh,IIT,220000,12,7.5,95
IIT BHU Varanasi,Varanasi,Uttar Pradesh,IIT,220000,20,8.6,10
IIT Bhubaneswar,Bhubaneswar,Odisha,IIT,224000,14,7.9,39
IIT Bombay,Mumbai,Maharashtra,IIT,228000,19.61,8.9,3
IIT Delhi,New Delhi,Delhi,IIT,227750,19.08,9.4,2
IIT Dharwad,Dharwad,Karnataka,IIT,218000,11.62,7.6,77
IIT Gandhinagar,Gandhinagar,Gujarat,IIT,229426,14,8.2,25
IIT Goa,Ponda,Goa,IIT,220000,13,7.7,90
IIT Guwahati,Guwahati,Assam,IIT,224500,21.6,8.8,8
IIT Hyderabad,Hyderabad,Telangana,IIT,230000,21,8.8,7
IIT Indore,Indore,Madhya Pradesh,IIT,114600,19.48,8.5,12
IIT Jammu,Jammu,Jammu & Kashmir,IIT,60040,53,7.5,92
IIT Jodhpur,Jodhpur,Rajasthan,IIT,254800,53,8.1,27
IIT Kanpur,Kanpur,Uttar Pradesh,IIT,253120,24,9.2,4
IIT Kharagpur,Kharagpur,West Bengal,IIT,228500,15,9.1,5
IIT Madras,Chennai,Tamil Nadu,IIT,225000,17.5,9.5,1
IIT Mandi,Mandi,Himachal Pradesh,IIT,219000,18.5,8.2,26
IIT Palakkad,Palakkad,Kerala,IIT,218000,12,7.5,94
IIT Patna,Patna,Bihar,IIT,273250,19,8.4,19
IIT Roorkee,Roorkee,Uttarakhand,IIT,224100,17,9,6
IIT Ropar,Rupnagar,Punjab,IIT,249460,16.97,8,32
IIT Tirupati,Tirupati,Andhra Pradesh,IIT,218000,11,7.4,57
MANIT Bhopal,Bhopal,Madhya Pradesh,NIT,158000,10.7,7.4,58
MNIT Jaipur,Jaipur,Rajasthan,NIT,160000,11,7.7,42
MNNIT Allahabad,Prayagraj,Uttar Pradesh,NIT,84666,12,8,62
MNNIT Allahabad - Motilal Nehru National Institute of Technology,Allahabad,Uttar Pradesh,Government,168000,13,7,
NIT Agartala,Agartala,Tripura,NIT,150000,7,7.2,67
NIT Andhra Pradesh,Tadepalligudem,Andhra Pradesh,NIT,150000,7.56,6.9,89
NIT Arunachal Pradesh,Yupia,Arunachal Pradesh,NIT,150000,8.1,6.9,82
NIT Calicut,Kozhikode,Kerala,NIT,165000,12.5,7.9,21
NIT Delhi,New Delhi,Delhi,NIT,165000,15.9,7.2,88
NIT Durgapur,Durgapur,West Bengal,NIT,165000,11.24,7.5,49
NIT Goa,Ponda,Goa,NIT,155000,7.25,7.1,74
NIT Hamirpur,Hamirpur,Himachal Pradesh,NIT,155000,10.5,7.3,64
NIT Jalandhar,Jalandhar,Punjab,NIT,155000,7.94,7.3,59
NIT Jamshedpur,Jamshedpur,Jharkhand,NIT,162000,10.8,7.2,69
NIT Kurukshetra,Kurukshetra,Haryana,NIT,155000,9,7.4,62
NIT Manipur,Imphal,Manipur,NIT,150000,7.5,7,78
NIT Meghalaya,Shillong,Meghalaya,NIT,150000,10.5,7.1,60
NIT Mizoram,Aizawl,Mizoram,NIT,150000,7.15,6.9,85
NIT Patna,Patna,Bihar,NIT,155000,7,6.9,53
NIT Puducherry,Karaikal,Puducherry,NIT,150000,7,6.9,80
NIT Raipur,Raipur,Chhattisgarh,NIT,155000,8.5,7.1,72
NIT Rourkela,Rourkela,Odisha,NIT,175000,15.25,8.3,13
NIT Sikkim,Ravangla,Sikkim,NIT,150000,8.25,6.9,84
NIT Silchar,Silchar,Assam,NIT,155000,11,7.5,50
NIT Srinagar,Srinagar,Jammu & Kashmir,NIT,155000,11,7,76
NIT Surathkal,Mangaluru,Karnataka,NIT,160000,14,8.2,17
NIT Trichy,Tiruchirappalli,Tamil Nadu,NIT,170000,14.35,8.5,9
"NIT Trichy, Tiruchirappalli",,Tamil Nadu,Engineering,149250,8.8,8.5,
NIT Uttarakhand,Srinagar,Uttarakhand,NIT,150000,9.54,6.9,86
NIT Warangal,Warangal,Telangana,NIT,167000,14.2,8,28
VNIT Nagpur,Nagpur,Maharashtra,NIT,162000,9,7.6,44
IIIT Allahabad,Prayagraj,Uttar Pradesh,IIIT,200000,18.5,8,87
IIIT Bangalore,Bangalore,Karnataka,IIIT,250000,20,8.5,69
IIIT Bhopal,Bhopal,Madhya Pradesh,IIIT,175000,11,7.5,
IIIT Bhubaneswar,Bhubaneswar,Odisha,IIIT,175000,11,7.5,
IIIT Delhi,New Delhi,Delhi,IIIT,280000,22,8.4,63
IIIT Gwalior,Gwalior,Madhya Pradesh,IIIT,195000,22,8.2,95
IIIT Hyderabad,Hyderabad,Telangana,IIIT,340000,25,8.7,38
IIIT Jabalpur,Jabalpur,Madhya Pradesh,IIIT,180000,16.5,7.9,80
IIIT Kalyani,Kalyani,West Bengal,IIIT,170000,10,7.3,
IIIT Kancheepuram,Chennai,Tamil Nadu,IIIT,175000,12,7.7,
IIIT Kota,Kota,Rajasthan,IIIT,175000,10,7.2,
IIIT Lucknow,Lucknow,Uttar Pradesh,IIIT,175000,12,7.5,
IIIT Nagpur,Nagpur,Maharashtra,IIIT,175000,11,7.4,
IIIT Pune,Pune,Maharashtra,IIIT,200000,16.8,7.8,
IIIT Ranchi,Ranchi,Jharkhand,IIIT,170000,10,7.3,
IIIT Sonepat,Sonepat,Haryana,IIIT,170000,10,7.2,
IIIT Sri City,Chittoor,Andhra Pradesh,IIIT,175000,11,7.4,
IIIT Surat,Surat,Gujarat,IIIT,170000,10,7.2,
IIIT Una,Una,Himachal Pradesh,IIIT,165000,9.5,7,
IIIT Vadodara,Vadodara,Gujarat,IIIT,170000,10,7.3,
IIM Ahmedabad,Ahmedabad,Gujarat,IIM,2630000,35.22,9.8,1
IIM Amritsar,Amritsar,Punjab,IIM,965000,28,7.4,64
IIM Bangalore,Bangalore,Karnataka,IIM,2630000,34.88,9.7,2
IIM Bodh Gaya,Bodh Gaya,Bihar,IIM,1400000,14.5,7.3,31
IIM Calcutta,Kolkata,West Bengal,IIM,2500000,34.23,9.6,7
IIM Indore,Indore,Madhya Pradesh,IIM,2100000,27,9.2,8
IIM Jammu,Jammu,Jammu & Kashmir,IIM,1053980,15.48,7.5,35
IIM Kashipur,Kashipur,Uttarakhand,IIM,1600000,18.5,7.9,23
IIM Kozhikode,Kozhikode,Kerala,IIM,2350000,28.05,9.3,3
IIM Lucknow,Lucknow,Uttar Pradesh,IIM,2200000,32.3,9.4,5
IIM Mumbai,Mumbai,Maharashtra,IIM,1700000,25,9,6
IIM Nagpur,Nagpur,Maharashtra,IIM,1600000,17.5,7.8,25
IIM Raipur,Raipur,Chhattisgarh,IIM,1800000,18,7.9,15
IIM Ranchi,Ranchi,Jharkhand,IIM,1800000,19.73,8.2,18
IIM Rohtak,Rohtak,Haryana,IIM,676045,36,8,19
IIM Sambalpur,Sambalpur,Odisha,IIM,1400000,16,7.6,34
IIM Shillong,Shillong,Meghalaya,IIM,1400000,26.44,8.5,38
IIM Sirmaur,Paonta Sahib,Himachal Pradesh,IIM,2293000,14,7.2,51
IIM Tiruchirappalli,Tiruchirappalli,Tamil Nadu,IIM,1700000,21,8.3,16
IIM Udaipur,Udaipur,Rajasthan,IIM,1700000,19,8,21
IIM Visakhapatnam,Visakhapatnam,Andhra Pradesh,IIM,1500000,16.61,7.8,29
BITS Goa,Zuarinagar,Goa,BITS,580000,22,8.3,45
BITS Hyderabad,Hyderabad,Telangana,BITS,580000,21,8.3,55
BITS Pilani,Pilani,Rajasthan,BITS,638175,25,8.7,11
AIIMS Bhopal,Bhopal,Madhya Pradesh,AIIMS,6900,8,8.5,25
AIIMS Bhubaneswar,Bhubaneswar,Odisha,AIIMS,6900,8,8.3,14
AIIMS Delhi,New Delhi,Delhi,AIIMS,7700,12,9.9,1
AIIMS Gorakhpur,Gorakhpur,Uttar Pradesh,AIIMS,6900,7,7.7,38
AIIMS Jodhpur,Jodhpur,Rajasthan,AIIMS,6900,8.5,8.4,16
AIIMS Kalyani,Kalyani,West Bengal,AIIMS,6900,7,7.7,40
AIIMS Mangalagiri,Mangalagiri,Andhra Pradesh,AIIMS,6900,7,7.6,45
AIIMS Nagpur,Nagpur,Maharashtra,AIIMS,6900,7.5,7.8,35
AIIMS Patna,Patna,Bihar,AIIMS,6900,7.5,8,27
AIIMS Raipur,Raipur,Chhattisgarh,AIIMS,6900,7.5,8,31
AIIMS Rishikesh,Rishikesh,Uttarakhand,AIIMS,6900,9,9,13
AAFT University of Media and Arts,,Chhattisgarh,Engineering,150000,6,6.5,
"ABES Engineering College, Ghaziabad",,Uttar Pradesh,Engineering,143700,7.8,7.9,
Abhilashi University,Mandi,Himachal Pradesh,Private,210000,4,8.4,
Achariya College of Engineering Technology,,Puducherry,Engineering,68000,5.4,6.3,
Acharya Nagarjuna University,Guntur,Andhra Pradesh,University,200000,7,7,59
Acharya Shri Chander College of Medical Sciences,Jammu,Jammu & Kashmir,Private,39000,6.5,6.5,
Acharya Shri Chander Institute of Nursing Education,Jammu,Jammu & Kashmir,Private,51000,6.5,6.5,
Acropolis Faculty of Management and Research,Indore,Madhya Pradesh,Private,55000,10.5,7,
"Acropolis Group of Institutions, Indore",,Madhya Pradesh,Engineering,73600,8.6,8.7,
Acropolis Institute of Technology & Research,,Madhya Pradesh,Engineering,75100,8,7.8,
"Adamas University, Kolkata",,West Bengal,Engineering,172800,7.8,8.2,
Aditya Engineering College,,Andhra Pradesh,Engineering,72000,7.4,7.8,
"Agnel Polytechnic, South Goa",,Goa,Engineering,37200,6,6.5,
Aisect College of Professional Studies,Indore,Madhya Pradesh,Private,15000,6.5,6.5,
Ajay Kumar Garg Engineering College,Ghaziabad,Uttar Pradesh,Private,142156,33.8,8.5,
AKGEC Ghaziabad,Ghaziabad,Uttar Pradesh,Private,350000,7,6.5,
AKS University,,Madhya Pradesh,Engineering,60000,6.9,7.3,
Alagappa University,Karaikudi,Tamil Nadu,University,200000,7,7,47
Aligarh Muslim University,Aligarh,Uttar Pradesh,University,13680,9,8,8
All India Institute of Medical Sciences,Bathinda,Punjab,Government,1628,6.5,7,
Allahabad University,Prayagraj,Uttar Pradesh,State University,12000,7,7.5,35
"Alliance College of Engineering and Design, Bangalore",,Karnataka,Engineering,225000,6.5,7.2,
"Alliance University, Bangalore",,Karnataka,Engineering,625000,7.6,8,
"Alpha College of Engineering & Technology, Pondicherry",,Puducherry,Engineering,29000,3.8,4.7,
Amal Jyothi College of Engineering,,Kerala,Engineering,100000,6.9,7.6,
Amar Shaheed Baba Ajit Singh Jujhar Singh Memorial College of Pharmacy,Bela,Punjab,Private,111000,6.5,6.5,
Amar Singh Government Degree College,Srinagar,Jammu & Kashmir,Government,120000,6.5,7,
Ambala Institute of Hotel Management,Ambala,Haryana,Private,128915,6.5,6.5,
Ambedkar Institute of Higher Education,Patna,Bihar,Private,700575,6.5,6.5,
Amity Business School,Noida,Uttar Pradesh,Private,690000,26.3,8.5,
Amity School of Architecture and Planning,Noida,Uttar Pradesh,Private,279000,17,8,
Amity School of Engineering & Technology,Noida,Uttar Pradesh,Private,206500,35.9,8.5,
Amity School of Hospitality,Noida,Uttar Pradesh,Private,170000,6,6,
Amity University,Gautam Budh Nagar,Uttar Pradesh,University,116000,7,7,32
Amity University Gurgaon,Gurugram,Haryana,Private,230000,7,7.7,
Amity University Jaipur,Jaipur,Rajasthan,Private,180000,7,8,
Amity University Kolkata,Kolkata,West Bengal,Private,207000,7,8.2,
Amity University Mumbai,Mumbai,Maharashtra,Private,222000,7,8.1,
Amity University Noida,Noida,Uttar Pradesh,Private,311000,6,8.2,22
"Amity University, Gwalior",,Madhya Pradesh,Engineering,164000,8,8.6,
"Amity University, Patna",,Bihar,Engineering,159000,7.8,7.8,
"Amity University, Raipur",,Chhattisgarh,Engineering,108000,6.3,7.8,
"Amity University, Ranchi",,Jharkhand,Engineering,135000,7,7.8,
Amrita Vishwa Vidyapeetham,Coimbatore,Tamil Nadu,University,380000,7.5,8,7
Amritsar College of Engineering and Technology,Amritsar,Punjab,Private,100200,40,7.4,
AMU Aligarh,Aligarh,Uttar Pradesh,Central University,25000,6.5,8,9
Ananta Institute of Hotel Management & Allied studies,Jaipur,Rajasthan,Private,440000,6.5,6.5,
Andhra University,Visakhapatnam,Andhra Pradesh,University,10000,7.2,7,25
Anna University,Chennai,Tamil Nadu,University,50000,8.3,7,13
Anugrah Narayan Magadh Medical College and Hospital,Gaya,Bihar,Government,27000,6.5,7,
"Anurag University, Hyderabad",,Telangana,Engineering,135500,8,8.3,
Apex Institute of Technology,,Chandigarh,Engineering,210000,6,6.5,
Apex Professional University,,Arunachal Pradesh,Engineering,70000,7.5,7.4,
APG Shimla University,Shimla,Himachal Pradesh,Private,84000,25.7,8.5,
APJ Abdul Kalam Technological University,,Kerala,Engineering,29000,7.5,7.8,
"Arka Jain University, Jamshedpur",,Jharkhand,Engineering,93000,7.5,8.1,
Army College of Medical Science,New Delhi,Delhi NCR,Private,503830,6.5,6.5,
Army Institute of Law,Mohali,Punjab,Private,192805,16.1,8,
Army Institute of Technology,,Maharashtra,Engineering,180197,8.7,8.3,
Arni University,Kangra,Himachal Pradesh,Private,30000,6.5,6.5,
"Arni University, Kangra",,Himachal Pradesh,Engineering,105000,7.7,8,
"Artex Informatic Solutions, Chandigarh",,Chandigarh,Engineering,150000,6,6.5,
Arunachal University of Studies,,Arunachal Pradesh,Engineering,25000,8.2,8.3,
"Arunodaya University, Itanagar",,Arunachal Pradesh,Engineering,150000,7.5,8.4,
Aryabhatta College,New Delhi,Delhi NCR,Government,19320,12,7.5,
Aryabhatta Knowledge University,Patna,Bihar,Government,100000,6.5,8,
Asansol Engineering College,,West Bengal,Engineering,134068,7.6,7.8,
Ashoka Law College,Kathua,Jammu & Kashmir,Private,350000,6.5,6.5,
Ashoka University,Sonepat,Haryana,Private,1700000,12,8.5,
Assam Don Bosco University,,Assam,Engineering,157000,6.4,7.8,
Assam Down Town University,,Assam,Engineering,130000,7.8,8.2,
Assam Engineering College,,Assam,Engineering,11000,7,7.5,
"Assam University, Silchar",,Assam,Engineering,59375,6.6,7.5,
Atal Bihari Vajpayee Indian Institute of Information,,Madhya Pradesh,Engineering,75070,7.7,7.6,
Atal Bihari Vajpayee Indian Institute of Information Technology and Management,Gwalior,Madhya Pradesh,Government,216250,6.5,7,
Atal Bihari Vajpayee Institute of Medical Sciences & Dr. Ram Manohar Lohia Hospital,New Delhi,Delhi NCR,Government,54500,6.5,7,
Atal Medical and Research University,Mandi,Himachal Pradesh,Government,60000,6.5,7,
"Auro University, Surat",,Gujarat,Engineering,121000,7.2,8.3,
"Avantika University, Ujjain",,Madhya Pradesh,Engineering,222500,9.5,9.1,
Avinashilingam Institute for Home Science and Higher Education for Women,Coimbatore,Tamil Nadu,University,200000,6,7,98
Awadhesh Pratap Singh University,Rewa,Madhya Pradesh,Private,8234,6.5,7.1,
B K School of Business Management,Ahmedabad,Gujarat,Government,20000,6.5,7,
"B. Borooah College, Guwahati",,Assam,Engineering,150000,5.8,7.6,
B. J. Medical College,Ahmedabad,Gujarat,Government,25000,6.5,7,
B.S. Abdur Rahman Crescent Institute of Science,,Tamil Nadu,Engineering,85000,7.7,8.2,
B.S.M. P.G. College,Roorkee,Uttarakhand,Private,5000,6.5,6.5,
Baba Banda Singh Bahadur Engineering College,Fatehgarh Sahib,Punjab,Private,102000,7,8.1,
Baba Farid College of Engineering and Technology,Bathinda,Punjab,Private,87410,12,7.5,
Baba Farid Group of Institutions,Bathinda,Punjab,Private,55000,6.5,6.5,
Baba Farid University of Health Sciences,Faridkot,Punjab,Government,447000,6.5,7,
Baba Ghulam Shah Badshah University,,Jammu,Engineering,249300,5.9,7.2,
Baba Raghav Das Medical College,Gorakhpur,Uttar Pradesh,Government,189000,6.5,7,
Babasaheb Bhimrao Ambedkar University,Lucknow,Uttar Pradesh,University,200000,7.5,7,33
Baddi University of Emerging Sciences and Technologies,Baddi,Himachal Pradesh,Private,140000,6.5,7.1,
Bahra University,Solan,Himachal Pradesh,Private,165000,6.5,7.6,
Bakhtiyarpur College of Engineering,Patna,Bihar,Engineering,150000,6.5,7.7,
Baldev Institute of Management Technology and Sciences,Jammu,Jammu & Kashmir,Private,350000,6.5,6.5,
Banaras Hindu University,Varanasi,Uttar Pradesh,University,2300,11.1,8.2,5
Banasthali Vidyapith,Banasthali,Rajasthan,University,89000,6.5,7,67
"Banasthali Vidyapith, Jaipur",,Rajasthan,Engineering,203500,7.9,8.5,
Bangalore Medical College and Research Institute,Bangalore,Karnataka,Government,75300,6.5,7,
Bangalore University,Bengaluru,Karnataka,University,200000,8,7,81
Bannari Amman Institute of Technology,,Tamil Nadu,Engineering,60000,8.1,8.3,
Bapatla Engineering College,,Andhra Pradesh,Engineering,75000,6.5,7.5,
Barak Valley Engineering College,,Assam,Engineering,150000,4.6,6.2,
Basaveshwar Engineering College,,Karnataka,Engineering,65340,6.6,7.7,
Baselios Thomas I Catholicose College of Engineering,,Kerala,Engineering,85000,6.5,7.4,
BBK DAV College for Women,Amritsar,Punjab,Private,70380,6.5,6.5,
"Bells Institute of Management & Technology, Shimla",,Himachal Pradesh,Engineering,74700,4,6.8,
Bengal College of Engineering,,West Bengal,Engineering,98500,5.1,5.7,
Bennett University,Greater Noida,Uttar Pradesh,Private,350000,7,7.2,65
"Bennett University, Greater Noida",,Uttar Pradesh,Engineering,350000,8.3,8.6,
BFIT Group of Institutions,,Uttarakhand,Engineering,35000,7.1,7.5,
Bhagalpur College of Engineering,Bhagalpur,Bihar,Government,112500,13,7.5,
Bhagwant Global University,Garhwal,Uttarakhand,Private,34750,6.5,6.5,
Bharath Institute of Higher Education and Research,Chennai,Tamil Nadu,University,200000,7,7,73
Bharathiar University,Coimbatore,Tamil Nadu,University,200000,7.5,7,26
Bharathidasan University,Tiruchirappalli,Tamil Nadu,University,200000,7,7,36
Bharathiyar College of Engineering and Technology,,Puducherry,Engineering,150000,4.5,6,
Bharati Vidyapeeth,Pune,Maharashtra,University,200000,8,7,78
Bharati Vidyapeeth Deemed University,,Maharashtra,Engineering,120000,7.7,7.8,
Bhargava College of Engineering & Technology,,Jammu,Engineering,150000,6,6.5,
Bhargava Law College,Jammu,Jammu & Kashmir,Private,350000,6.5,6.5,
Bhargava Paramedical College,Jammu,Jammu & Kashmir,Private,350000,6.5,6.5,
Bhartiya College of Education,Udhampur,Jammu & Kashmir,Private,40000,6.5,6.5,
Bhilai Institute of Technology,,Chhattisgarh,Engineering,77750,6.4,7.3,
Bhojia Dental College and Hospital,Baddi,Himachal Pradesh,Private,202387,6.5,6.5,
BHU Varanasi,Varanasi,Uttar Pradesh,Central University,20000,8,8.3,5
Bhubaneswar Engineering College,,Odisha,Engineering,252000,7.3,7.5,
Biju Patnaik University of Technology,,Odisha,Engineering,150000,4.8,6.2,
"Bineswar Brahma Engineering College, Kokrajhar",,Assam,Engineering,12800,7.2,7.3,
"Bipin Tripathi Kumaon Institute of Technology, Almora",,Uttarakhand,Engineering,71150,4.6,6.4,
"Bir Tikendrajit University, Imphal",,Manipur,Engineering,160000,6,6.5,
Birla Institute of Technology,Ranchi,Jharkhand,University,434000,9.1,7,82
"Birla Institute of Technology and Science, Pilani",Pilani,Rajasthan,University,200000,25,9,19
Birla Institute of Technology Extension Centre,,Jharkhand,Engineering,285000,8,7.8,
Birla Institute of Technology Mesra,Ranchi,Jharkhand,Private,350000,12,6.5,
Birsa Institute of Technology,,Jharkhand,Engineering,20362,7.2,7.7,
Birsa Munda Government Medical College,Shahdol,Madhya Pradesh,Government,85020,6.5,7,
Biyani Group of Colleges,Jaipur,Rajasthan,Private,75000,18,8,
BMS College of Engineering,Bangalore,Karnataka,Private,229110,7.9,8.2,
BMS School of Architecture,Bangalore,Karnataka,Private,301100,6.5,6.5,
BPS Govt. Medical College for Women,Sonepat,Haryana,Government,103050,6.5,7,
Bundelkhand Institute of Engineering & Technology,,Uttar Pradesh,Engineering,61800,6.2,7.1,
Bundelkhand Medical College,Sagar,Madhya Pradesh,Government,114000,6.5,7,
BV Raju Institute of Technology,,Telangana,Engineering,120000,8.4,8.5,
"C. U. Shah University, Wadhwan",,Gujarat,Engineering,77800,7.4,7.7,
"C. V. Raman Global University, Bhubaneswar",,Odisha,Engineering,119000,7.5,7.6,
Calcutta University,Kolkata,West Bengal,University,200000,8,7,18
Calicut University,Malappuram,Kerala,University,200000,7,7,89
Cambridge Institute of Technology,,Jharkhand,Engineering,71250,4.8,5.5,
Capital University,,Jharkhand,Engineering,110000,8.1,8.2,
Career College,Bhopal,Madhya Pradesh,Private,20500,6.5,6.5,
Career Point University,Hamirpur,Himachal Pradesh,Private,48000,6.5,7.5,
Central Agricultural University,,Manipur,Engineering,2980,6.8,7.5,
Central Institute of plastics engineering & Technology-,,Gujarat,Engineering,65000,7.5,7.5,
Central Institute of Technology,,Assam,Engineering,111200,5.3,7,
Central Institute of Temperate Horticultural,Srinagar,Jammu & Kashmir,Government,120000,6.5,7,
Central University of Haryana,Mahendragarh,Haryana,Government,18616,6.5,7,
Central University of Himachal Pradesh,Kangra,Himachal Pradesh,Government,23600,6.5,7,
Central University Of Jammu,Jammu,Jammu & Kashmir,Government,24430,10,7,
"Central University of Jammu, Jammu",,Jammu,Engineering,11715,7.3,8.2,
Central University of Kashmir,Srinagar,Jammu & Kashmir,Government,12440,6.5,7.8,
Central University of Punjab,Bathinda,Punjab,University,200000,7.5,7,83
Central University of Tamil Nadu,Tiruvarur,Tamil Nadu,University,200000,7,7,99
"Centre for Distance and Online Education, Panjab University",Chandigarh,Chandigarh,Government,22900,6.5,7,
Centurion University of Technology and Management,,Andhra Pradesh,Engineering,125000,7.4,7.8,
"CEPT University, Ahmedabad",,Gujarat,Engineering,198000,8.1,8.2,
CGC University,Chandigarh,Chandigarh,Private,178000,6.5,6.5,
"Chaibasa Engineering College, Techno India Group, Chaibasa",,Jharkhand,Engineering,150000,6.4,7.2,
Chaitanya Bharathi Institute of Technology,,Telangana,Engineering,134000,8.6,8.2,
Chandigarh Business School of Administration Landran,Mohali,Punjab,Private,100200,50,8.5,
Chandigarh College of Hotel Management and Catering Technology Landran,Mohali,Punjab,Private,480000,45.5,8.5,
Chandigarh Group of Colleges,,Punjab,Engineering,94000,8.6,8.1,
Chandigarh Group of Colleges Landran,Mohali,Punjab,Private,166000,50,8.5,
Chandigarh Institute of Hotel Management and Catering Technology,Chandigarh,Chandigarh,Government,300000,6.5,7,
Chandigarh University,Mohali,Punjab,University,224500,6.73,7.8,20
Chandigarh University Online,Mohali,Punjab,Private,79000,6.5,6.5,
Chandragupt Institute of Management,Patna,Bihar,Private,385000,16.42,8,
Charutar Vidya Mandal University Anand,Vallabh Vidyanagar,Gujarat,Private,186000,15.4,8,
Chaudhary Charan Singh Haryana Agricultural University,Hisar,Haryana,Government,25225,6.5,7,
Chaudhary Sarwan Kumar Himachal Pradesh Krishi Vishvavidyalaya,Palampur,Himachal Pradesh,Government,43818,6.5,7,
Chettinad Academy of Research and Education,"Kelambakkam, Chengalpattu District",Tamil Nadu,University,200000,7,7,79
Chhatrapati Shivaji Institute of Technology,,Chhattisgarh,Engineering,75000,6.9,7.2,
Chhattisgarh Engineering College,,Chhattisgarh,Engineering,60000,5,5.8,
Chhotu Ram Rural Institute Of Technology,,Delhi NCR,Engineering,33450,8.1,8.4,
Chitkara College of Pharmacy,Patiala,Punjab,Private,200000,6.5,6.5,
Chitkara School of Hospitality,Chandigarh,Chandigarh,Private,220000,6.5,6.5,
Chitkara University,Rajpura,Punjab,University,430000,8,7,90
Chitkara University Online,Patiala,Punjab,Private,200000,6.5,6.5,
Chitkara University Punjab,Rajpura,Punjab,Private,350000,8,6.5,
"Chitkara University, Chitkara School of Mass Communication",Patiala,Punjab,Private,140000,6.5,6.5,
"Chitkara University, Chitkara School of Planning and Architecture",Patiala,Punjab,Private,200000,6.5,6.5,
"Chitkara University, Solan",,Himachal Pradesh,Engineering,160000,8.8,8.2,
Chouksey Engineering College,,Chhattisgarh,Engineering,72230,7,8,
"Christ College of Engineering and Technology, Pondicherry",,Puducherry,Engineering,116000,6.5,7,
Christ University,Bengaluru,Karnataka,University,45000,5,7,60
Christ University Bangalore,Bangalore,Karnataka,Private,154000,7,8.3,
Christian College of Engineering and Technology,,Chhattisgarh,Engineering,76900,5.8,6.8,
Christian Dental College,Ludhiana,Punjab,Private,220000,6.5,6.5,
Christian Medical College,Ludhiana,Punjab,Private,3300000,10,6.5,
CIPET: Centre for Skilling and Technical Support,,Odisha,Engineering,32680,6.9,6.7,
Cluster University of Jammu,Jammu,Jammu & Kashmir,Government,47230,6.5,7,
Cluster University of Srinagar,,Jammu,Engineering,150000,7.2,8.2,
CMC Vellore,Vellore,Tamil Nadu,Medical,100000,8,7,
"CMJ University, Ri-Bhoi",,Meghalaya,Engineering,375000,8.2,8.3,
CMR Engineering College,,Telangana,Engineering,75000,9,8.8,
Cochin University of Science and Technology,Cochin,Kerala,University,46600,9.5,8,34
"Cochin University of Science and Technology, School",,Kerala,Engineering,86040,8.2,8.3,
COEP Pune,Pune,Maharashtra,Government,75000,8,7.8,57
Coimbatore Institute of Technology,,Tamil Nadu,Engineering,23670,8.4,8,
College of Agricultural Engineering and Post Harvest Technology,,Sikkim,Engineering,4280,6.6,6.8,
"College of Engineering Thalassery, Kannur",,Kerala,Engineering,38250,6.6,7.2,
"College of Engineering, Trivandrum",,Kerala,Engineering,200000,8.4,8.4,
"College of Technology, GB Pant University of",,Uttarakhand,Engineering,65344,6,7,
"College of Technology, GB Pant University of Agriculture & Technology",Pantnagar,Uttarakhand,Government,57164,6,6,
College of Vocational Studies,New Delhi,Delhi NCR,Government,18800,23.05,8.5,
Columbia Institute of Engineering and Technology,,Chhattisgarh,Engineering,59940,8.7,8.1,
"CSIR-Institute of Minerals and Materials Technology,",,Odisha,Engineering,150000,7.3,7,
CT Institute of Hospitality Management,Jalandhar,Punjab,Private,240000,6.5,6.5,
Culinary College of Hotel Management and Catering Technology,Dehradun,Uttarakhand,Private,70000,6.5,6.5,
"CVR College of Engineering, Ibrahimpatnam, Rangareddi",,Telangana,Engineering,121650,8.6,8.3,
DAIICT Gandhinagar,Gandhinagar,Gujarat,Private,375000,13,8.8,
Darbhanga College of Engineering,Darbhanga,Bihar,Government,29130,17.39,6.7,
Darbhanga Medical College,Darbhanga,Bihar,Government,102150,6.5,7,
Datta Meghe Institute of Higher Education and Research,Wardha,Maharashtra,University,200000,7,7,42
Daulat Ram College,New Delhi,Delhi NCR,Government,32100,23.05,8.5,
DAV Centenary College,Faridabad,Haryana,Private,31269,6.5,6.5,
DAV College For Women,Firozpur,Punjab,Private,52046,6.5,6.5,
DAV PG College Dehradun,Dehradun,Uttarakhand,Private,30000,6.5,6.5,
DAV University,Jalandhar,Punjab,Private,86400,32,8.5,
"DAV University, Jalandhar",,Punjab,Engineering,136000,8,7.9,
Dayalbagh Educational Institute,Agra,Uttar Pradesh,Government,5150,6.5,7,
"Dayalbagh Educational Institute Faculty of Engineering, Agra",,Uttar Pradesh,Engineering,51300,8.2,8,
Dayanand Medical College and Hospital,Ludhiana,Punjab,Private,486450,6.5,6.5,
Dayanand Women's Training College,Dehradun,Uttarakhand,Private,3046,6.5,6.5,
Dayananda Sagar College of Engineering,,Karnataka,Engineering,96106,7.7,8,
DBS Global University,Dehradun,Uttarakhand,Private,467000,24,8.5,
Deenbandhu Chhotu Ram University of Science and Technology,Sonepat,Haryana,Government,60055,6.5,7,
Defence Institute of Advanced Technology,,Maharashtra,Engineering,153600,8.6,8.8,
"Delhi School of Economics, University of Delhi",New Delhi,Delhi NCR,Government,11751,26.5,8.5,
Delhi Technical Campus,,Haryana,Engineering,69500,8.2,8.2,
Delhi Technological University,New Delhi,Delhi,University,247700,15.75,7,48
"Department of Business Economics, University of Delhi",New Delhi,Delhi NCR,Government,49850,24.8,8.5,
Department of Laws Panjab University,Chandigarh,Chandigarh,Government,15115,6.5,7,
"Department of Management Sciences, IIT Kanpur",Kanpur,Uttar Pradesh,Government,1350000,24,8.5,
"Department of Management Studies, Indian Institute of Technology",Roorkee,Uttarakhand,Government,596250,24,8.5,
"Department of Management Studies, MNIT",Jaipur,Rajasthan,Government,171287,16,8,
"Department of Management, BITS",Pilani,Rajasthan,Private,638175,27,8.5,
Dev Bhoomi Institute of Technology,,Uttarakhand,Engineering,119700,7.5,7.2,
Dev Bhoomi Uttarakhand University,Dehradun,Uttarakhand,Private,152400,40,8.5,
Dharmashastra National Law University,Jabalpur,Madhya Pradesh,Government,261653,6.5,7,
Dharmsinh Desai University,Nadiad,Gujarat,Private,185000,25,7.7,
Dhirubhai Ambani Institute of Information and Communication,Gandhinagar,Gujarat,Engineering,154000,9.2,8.7,
Dibrugarh Polytechnic,,Assam,Engineering,7600,1,2,
"Dibrugarh University, Dibrugarh",,Assam,Engineering,110130,6.5,7.8,
Directorate of Coldwater Fisheries Research,Nainital,Uttarakhand,Government,120000,6.5,7,
"Directorate of Distance Education, University of Jammu",Jammu,Jammu & Kashmir,Government,10690,5.6,6,
Disha Institute of Management and Technology,,Chhattisgarh,Engineering,150000,6.3,8.1,
DIT University,Dehradun,Uttarakhand,Private,240300,58,7.8,
DJ Sanghvi College of Engineering,Mumbai,Maharashtra,Private,280000,9.5,6.5,
DMS - Department of Management Studies IIT,New Delhi,Delhi NCR,Government,43150,41.13,8.5,
Doaba Group of Colleges,Mohali,Punjab,Private,318000,6.5,6.5,
Dogra Law College,Jammu,Jammu & Kashmir,Private,40353,6.5,6.5,
Dolphin PG Institute of BioMedical & Natural Sciences,Dehradun,Uttarakhand,Private,108000,6.5,6.5,
Don Bosco College of Engineering and Technology,,Assam,Engineering,157000,7.3,8.5,
Doon Institute of Education,Dehradun,Uttarakhand,Private,55000,6.5,6.5,
"Doon University, Dehradun",,Uttarakhand,Engineering,34750,6.3,7.2,
Doon Valley College of Education,Dehradun,Uttarakhand,Private,45000,6.5,6.5,
Doraha Institute of Management and Technology,Ludhiana,Punjab,Private,69200,6.5,6.5,
Dr BR Ambedkar National Institute of Technology,Jalandhar,Punjab,Government,164000,52,7.9,
Dr IT School of Business,Patiala,Punjab,Private,100200,6.5,6.5,
Dr Rajendra Prasad Government Medical College,Kangra,Himachal Pradesh,Government,60000,6.5,7,
Dr SN Medical College & Hospital,Jodhpur,Rajasthan,Government,125300,6.5,7,
Dr YS Parmar University of Horticulture and Forestry,Solan,Himachal Pradesh,Government,68500,6.5,7,
Dr. A. P. J. Abdul Kalam University,Indore,Madhya Pradesh,Private,283400,6.5,6.5,
Dr. Ambedkar Institute of Technology,,Karnataka,Engineering,30200,6.7,7.2,
"Dr. B R Ambedkar Institute of Technology, Port Blair",,Andaman,Engineering,12083,6,6.5,
Dr. B. R. Ambedkar Polytechnic College,,Puducherry,Engineering,6000,6,6.5,
Dr. B.C. Roy Engineering College,,West Bengal,Engineering,108980,7.2,7.7,
Dr. B.R. Ambedkar National Law University,Sonepat,Haryana,Government,148500,9,7,
Dr. Baba Saheb Ambedkar Medical College & Hospital,New Delhi,Delhi NCR,Government,111000,6.5,7,
Dr. D. Y. Patil Vidyapeeth,Pune,Maharashtra,University,200000,8,7,44
Dr. Hari singh Gour University,Sagar,Madhya Pradesh,Government,8160,4.25,5.5,
"Dr. LAXMINARAYAN PANDEY GOVT. MEDICAL COLLEGE, RATLAM",Ratlam,Madhya Pradesh,Government,115350,6.5,7,
Dr. Radhakrishnan Govt. Medical College,Hamirpur,Himachal Pradesh,Government,60000,6.5,7,
Dr. Ram Manohar Lohia Institute of Medical Sciences,Lucknow,Uttar Pradesh,Government,49700,6.5,7,
Dr. S. S. Bhatnagar University Institute of,,Chandigarh,Engineering,394000,7.1,7.1,
Dr. Y. S. Parmar Medical College Nahan,Sirmaur,Himachal Pradesh,Government,60000,6.5,7,
Dr.Ambedkar Institute of Hotel Management Catering and Nutrition,Chandigarh,Chandigarh,Government,147135,6.5,7,
Dronacharya College of Engineering,Gurgaon,Haryana,Private,141100,6,6.5,
DTU Delhi Technological University,New Delhi,Delhi,State University,200000,15.75,8.5,
"Duliajan College, Dibrugarh",,Assam,Engineering,150000,8.7,8.7,
Dwarkadas J Sanghvi College of Engineering,,Maharashtra,Engineering,194000,8.3,8.2,
Dyal Singh College,New Delhi,Delhi NCR,Government,14705,23.5,8.5,
Dyal Singh Evening College,New Delhi,Delhi NCR,Government,14700,6.5,7,
ESIC Medical College,Faridabad,Haryana,Government,100000,6.5,7,
Eternal University,Sirmaur,Himachal Pradesh,Private,53300,3,7.5,
"Faculty of Engineering and Technology, Jain University",,Karnataka,Engineering,197500,7.7,8.1,
"Faculty of Engineering and Technology, Shoolini University",Solan,Himachal Pradesh,Private,260000,42,8.5,
"Faculty of Hospitality Management and Catering Technology, M. S. Ramaiah University of Applied Sciences",Bangalore,Karnataka,Private,179000,6.5,6.5,
"Faculty of Management Studies, The Maharaja Sayajirao University of Baroda",Vadodara,Gujarat,Government,45100,6.5,7,
"Faculty of Pharmaceutical Sciences, Shoolini University",Solan,Himachal Pradesh,Private,183500,6.5,6.5,
"Faculty of Technology and Engineering, Maharaja Sayajirao",,Gujarat,Engineering,7640,8.3,8.1,
"Faculty of Technology and Engineering, Maharaja Sayajirao University of Baroda",Vadodara,Gujarat,Government,105000,11,7,
Federal Institute of Science and Technology,,Kerala,Engineering,75100,8,8.1,
Film and Television Institute of India,Pune,Maharashtra,Government,120000,6.5,7,
FMS Delhi,New Delhi,Delhi,Government,232000,34.1,9.1,
FMS Delhi Faculty of Management Studies,New Delhi,Delhi NCR,Government,116000,34.1,9.1,
FORE School of Management,New Delhi,Delhi NCR,Private,2077000,29,8.5,
Forest Research Institute,Dehradun,Uttarakhand,Government,43000,6.5,7,
G. Pulla Reddy Engineering College,,Andhra Pradesh,Engineering,80000,8.2,8.3,
G.B. Pant Universtiy of Agriculture and Technology,Pantnagar,Uttarakhand,University,200000,7,7,88
Gajra Raja Medical College,Gwalior,Madhya Pradesh,Government,121000,6.5,7,
Galgotias University,Greater Noida,Uttar Pradesh,Private,177000,39,7.6,
Gandhi Institute for Technology,,Odisha,Engineering,81000,6.6,7.4,
Gandhi Medical College,Bhopal,Madhya Pradesh,Government,116255,6.5,7,
Ganpat University,Mehsana,Gujarat,Private,140000,12,8.1,
Gauhati University,Guwahati,Assam,University,40950,7,7,40
Gautam Buddha University,Greater Noida,Uttar Pradesh,Government,54100,22,8.5,
Gaya College of Engineering,Gaya,Bihar,Government,70630,7.5,6.5,
"Gaya College of Engineering, Gaya",,Bihar,Engineering,100000,5.3,7.1,
Gayatri Vidya Parishad College of Engineering,,Andhra Pradesh,Engineering,276000,8.1,7.7,
GGS College of Modern Technology,Mohali,Punjab,Private,80900,9,7,
GH Raisoni College of Engineering,,Maharashtra,Engineering,560000,8,8.4,
Gian Jyoti Institute of Management and Technology,Mohali,Punjab,Private,103950,12,7.5,
Giani Zail Singh Campus College of Engineering and Technology,Bathinda,Punjab,Government,104600,4,5.5,
GIDC Rajju Shroff Rofel Institute of Management Studies,Vapi,Gujarat,Private,92200,6.5,6.5,
"Girijananda Chowdhury Institute of Management & Technology,",,Assam,Engineering,144000,6.4,7.3,
GITA Autonomous College,,Odisha,Engineering,108000,8.3,8.7,
GL Bajaj Institute of Management and Research,Greater Noida,Uttar Pradesh,Private,785000,23,8.5,
GL Bajaj Institute of Technology,Greater Noida,Uttar Pradesh,Private,350000,6.5,6.5,
"GLA University, Mathura",,Uttar Pradesh,Engineering,178000,8.2,8.2,
Global Group of Institutes,Amritsar,Punjab,Private,100200,30,8.5,
"Global Institute, Amritsar",,Punjab,Engineering,318000,7.9,8.3,
"Glocal University, Saharanpur",,Uttar Pradesh,Engineering,144000,7.2,7.1,
GNA University,Phagwara,Punjab,Private,200000,30.5,8.5,
GNLU Gandhinagar,Gandhinagar,Gujarat,NLU,145000,14,8.2,5
Goa College of Engineering,,Goa,Engineering,59500,6.7,7.5,
"Goa University, North Goa",,Goa,Engineering,17290,8,7.9,
Gokaraju Rangaraju Institute of Engineering and Technology,,Telangana,Engineering,122000,8.1,8,
Gopal Narayan Singh University,Sasaram,Bihar,Private,119500,6.5,6.5,
Goswami Ganesh Dutta Sanatan Dharma College,Chandigarh,Chandigarh,Private,3700,6.5,6.5,
Government College for Women,Srinagar,Jammu & Kashmir,Government,3458,6.5,7,
Government College of Education,Chandigarh,Chandigarh,Government,22970,6.5,7,
Government College of Engineering and Technology,Jammu,Jammu & Kashmir,Government,42920,8,5.7,
"Government College of Engineering, Kendujhar",,Odisha,Engineering,140000,5.1,7,
Government Degree College,Jammu,Jammu & Kashmir,Government,7290,6.5,7,
Government Degree College for Boys,Udhampur,Jammu & Kashmir,Government,21960,6.5,7,
"Government Degree College for Boys, Udhampur",,Jammu,Engineering,150000,5.3,6.6,
Government Degree College for Women,Anantnag,Jammu & Kashmir,Government,2530,6.5,7,
Government Dental College,Srinagar,Jammu & Kashmir,Government,120000,6.5,7,
Government Doon Medical College,Dehradun,Uttarakhand,Government,165500,6.5,7,
Government Home Science College,Chandigarh,Chandigarh,Government,33215,6.5,7,
Government Industrial Training Institute,Chandigarh,Chandigarh,Engineering,150000,6,6.5,
Government Institute of Medical Sciences,Greater Noida,Uttar Pradesh,Government,151100,6.5,7,
Government MAM College,Jammu,Jammu & Kashmir,Government,14068,6.5,7,
Government Medical College,Amritsar,Punjab,Government,998000,6.5,7,
Government Medical College / Rajindra Hospital,Patiala,Punjab,Government,174000,6.5,7,
Government Medical College and Hospital,Chandigarh,Chandigarh,Government,25000,6.5,7,
"Government Medical College and Hospital , Purnea",Purnea,Bihar,Government,120000,6.5,7,
Government Polytechnic College,,Jammu,Engineering,2130,6,6.5,
"Government Polytechnic College, Anantnag",,Jammu,Engineering,2130,6,6.5,
"Government Polytechnic College, Bandipora",,Jammu,Engineering,2330,6,6.5,
"Government Polytechnic College, Baramulla",,Jammu,Engineering,2130,6,6.5,
"Government Polytechnic College, Budgam",,Jammu,Engineering,2130,6,6.5,
"Government Polytechnic College, Sopore",,Jammu,Engineering,2130,6,6.5,
Government Polytechnic for Women,,Chandigarh,Engineering,7225,6,6.5,
"Government Polytechnic For Women, Jammu",,Jammu,Engineering,2130,6,6.5,
"Government Polytechnic Kargil, Kargil",,Jammu,Engineering,2130,6,6.5,
"Government Polytechnic Laying, Itanagar",,Arunachal Pradesh,Engineering,150000,6,6.5,
"Government Polytechnic Roing, Roing",,Arunachal Pradesh,Engineering,15050,6,6.5,
"Government Polytechnic Sedem, Tuensang",,Nagaland,Engineering,10500,6,6.5,
"Government Polytechnic Seithekema C, Dimapur",,Nagaland,Engineering,8000,6,6.5,
Government Polytechnic Tsunazho,,Nagaland,Engineering,7550,6,6.5,
"Government Polytechnic, Bicholim",,Goa,Engineering,150000,6,6.5,
"Government Polytechnic, Curchorem",,Goa,Engineering,16000,6,6.5,
"Government Polytechnic, Daman",,Daman,Engineering,3575,6,6.5,
"Government Polytechnic, Imphal",,Manipur,Engineering,150000,6,6.5,
"Government Polytechnic, Kohima",,Nagaland,Engineering,7450,6,6.5,
"Government Polytechnic, Kulgam",,Jammu,Engineering,4500,6,6.5,
Govind Ballabh Pant Engineering College,,Uttarakhand,Engineering,69015,5.1,6.4,
Govind Ballabh Pant University of Agriculture and Technology,Pantnagar,Uttarakhand,Government,61024,6.5,7,
Govt College of Teacher Education,Kangra,Himachal Pradesh,Government,10000,6.5,7,
"Govt Engineering College, Bilaspur",,Chhattisgarh,Engineering,12725,5.5,6.9,
"Govt. Gandhi Memorial Science College, Jammu",,Jammu,Engineering,150000,4.2,6.7,
Graphic Era Hill University,Dehradun,Uttarakhand,Private,412500,47.88,8.1,
Graphic Era Hill University Bhimtal Campus,Bhimtal,Uttarakhand,Private,220500,47.88,8.1,
Graphic Era University,Dehradun,Uttarakhand,Private,323400,8.5,7.5,52
"Graphic Era University, School of Engineering and",Dehradun,Uttarakhand,Engineering,236400,8.8,8.2,
Great Lakes Institute of Management,Gurgaon,Haryana,Private,1808000,22.5,8.5,
"Green Hills Engineering College, Solan",,Himachal Pradesh,Engineering,80700,4.4,6,
"GSFC University, Vadodara",,Gujarat,Engineering,121250,7.9,8.1,
GSVM Medical College,Kanpur,Uttar Pradesh,Government,39600,6.5,7,
Gudlavalleru Engineering College,,Andhra Pradesh,Engineering,81600,7.5,8.2,
Gujarat National Law University,Silvassa,Gujarat,Government,216000,11,7,
Gujarat University,Ahmedabad,Gujarat,University,200000,7.5,7,76
Gulzar Group of Institutes,Ludhiana,Punjab,Private,121200,17,8,
Guru Gobind Singh Indraprastha University,New Delhi,Delhi,University,189500,10,7.8,80
Guru Kashi University,Bathinda,Punjab,Private,4000,6.5,6.5,
"Guru Kashi University, Bathinda",,Punjab,Engineering,92680,7.2,7.5,
Guru Nanak Dev Engineering College,Ludhiana,Punjab,Private,120619,10,7.7,
Gurugram University,Gurgaon,Haryana,Government,20470,6.5,7,
"Gurugram University, Gurgaon",,Delhi NCR,Engineering,40000,8,8.2,
"Gurukul Vidyapeeth, Chandigarh",,Chandigarh,Engineering,150000,2,3.5,
H.D. Jain College,Arrah,Bihar,Private,1800,6.5,6.5,
Haldia Institute of Technology,,West Bengal,Engineering,116350,7.2,7.8,
Harcourt Butler Technological University,,Uttar Pradesh,Engineering,135000,7.8,7.3,
Hargovandas Lakhmichand College of Commerce (H L College of Commerce),Ahmedabad,Gujarat,Government,40000,0.3,5.5,
Hemchandracharya North Gujarat University,Patan,Gujarat,Government,26130,6.5,7,
Heritage Institute of Hotel and Tourism,Shimla,Himachal Pradesh,Private,330000,6.5,6.5,
Heritage Institute of Technology,,West Bengal,Engineering,116200,7.6,7.8,
Himachal Institute of Engineering and Technology,Kangra,Himachal Pradesh,Private,73000,6.5,7.5,
Himachal Pradesh University,Shimla,Himachal Pradesh,Government,3234,6.5,7,
Himachal Pradesh University Business School,Shimla,Himachal Pradesh,Government,25000,6.5,7,
Himalayan Group of Professional Institutions,Sirmaur,Himachal Pradesh,Private,92570,20,8.5,
"Himalayan Group of Professional Institutions, Sirmaur",,Himachal Pradesh,Engineering,84200,8.2,8.2,
Himalayan Institute of Medical Sciences,Dehradun,Uttarakhand,Private,2357000,6.5,6.5,
Himalayan University,Sirmaur,Arunachal Pradesh,Engineering,81000,8.1,8.6,
Himgiri Zee University,,Uttarakhand,Engineering,90000,7.7,7.9,
Hindustan College of Engineering,,Kerala,Engineering,50000,8,8,
Homi Bhabha National Institute,Mumbai,Maharashtra,University,50000,18,9,16
Hotel & Catering Management Institute,Chandigarh,Chandigarh,Private,69200,6.5,6.5,
Hyderabad Central University,Hyderabad,Telangana,Central University,100000,9,7.5,
I.K. Gujral Punjab Technical University,Jalandhar,Punjab,Government,126200,6.5,8.1,
IBMR Business School,Gurgaon,Haryana,Private,457500,15,8,
ICFAI Business School,Dehradun,Uttarakhand,Private,702000,10.7,7,
ICFAI University,Baddi,Himachal Pradesh,Private,36800,6.5,6.5,
"ICFAI University, Baddi",,Himachal Pradesh,Engineering,95000,8,8,
"ICFAI University, Dehradun",,Uttarakhand,Engineering,156000,7.3,7.8,
"ICFAI University, Raipur",,Chhattisgarh,Engineering,100000,8.6,8.6,
"ICFAI University, West Tripura",,Tripura,Engineering,130000,7.6,8,
ICL Institute of Engineering and Technology,Ambala,Haryana,Private,85000,6.5,6.5,
IEC University Baddi,,Himachal Pradesh,Engineering,118600,8,7.6,
"IFTM University, Moradabad",,Uttar Pradesh,Engineering,107000,6.8,7.8,
IGNOU,New Delhi,Delhi,Central University,100000,6,7.5,
IIEST Shibpur,Howrah,West Bengal,Government,110000,10,7.8,
IIFT Delhi Indian Institute of Foreign Trade,New Delhi,Delhi NCR,Government,675462,27.3,7,
IIHMR University,Jaipur,Rajasthan,Private,1250000,35.6,8.5,
IILM Institute for Business & Management,Gurgaon,Haryana,Private,340000,10,7,
"IILM University, Gurgaon",,Haryana,Engineering,330000,8.6,8.4,
IIS (Deemed to be University),,Rajasthan,Engineering,99300,7.9,8.3,
IISc Bangalore,Bangalore,Karnataka,Central University,90000,26.35,9.6,
IMI - International Management Institute,New Delhi,Delhi NCR,Private,2200000,14,6.5,
IMS Unison University,Dehradun,Uttarakhand,Private,122000,41.62,8.5,
IMT - Institute of Management Technology,Ghaziabad,Uttar Pradesh,Private,3042976,41.55,8.5,
Indian Institute of Aeronautical Engineering,,Uttarakhand,Engineering,300000,8,8.3,
Indian Institute of Chemical Technology,,Telangana,Engineering,150000,7.7,7.7,
Indian Institute of Forest Management,Bhopal,Madhya Pradesh,Government,738000,20.5,8.5,
"Indian Institute of Information Technology , Kottayam",,Kerala,Engineering,198950,8.6,8.3,
Indian Institute of Information Technology Design and,,Andhra Pradesh,Engineering,144600,7.2,7.4,
Indian Institute of Information Technology Design and Manufacturing,Jabalpur,Madhya Pradesh,Government,174000,6.5,7,
Indian Institute of Information Technology Sri City,,Andhra Pradesh,Engineering,103000,7.3,7,
Indian Institute of Information Technology Vadodara,Gandhinagar,Gujarat,Government,290220,56.3,7.8,
"Indian Institute of Information Technology, Bhopal",,Madhya Pradesh,Engineering,179500,5,6,
Indian Institute of Science,Bangalore,Karnataka,Government,220800,26.35,9,
"Indian Institute of Science, Bengaluru",Bengaluru,Karnataka,University,90000,7,9.6,1
"Indian Institute of Science, Department of Management Studies",Bangalore,Karnataka,Government,266500,37.5,8.5,
Indian Institute of Space Science and Technology,,Kerala,Engineering,142400,7.7,8.1,
Indian School of Business,Mohali,Punjab,Private,4542480,33.25,9.1,
Indira Gandhi Delhi Technical University For Women,,Delhi NCR,Engineering,88000,8.3,7.6,
Indira Gandhi Institute of Medical Sciences,Patna,Bihar,Government,70000,6.5,7,
"Indira Gandhi Institute of Technology, Dhenkanal",,Odisha,Engineering,34500,6.7,7.8,
Indira Gandhi Medical College,Shimla,Himachal Pradesh,Government,60000,6.5,7,
Indira Gandhi National Forest Academy,,Uttarakhand,Engineering,184500,9,8.7,
Indira Gandhi Polytechnic College,,Puducherry,Engineering,7095,6,6.5,
Indo Global College of Engineering,Mohali,Punjab,Private,100200,6.5,6.5,
Indo Swiss Training Centre,Chandigarh,Chandigarh,Government,20000,9,8.6,
Indraprastha Institute of Information Technology,New Delhi,Delhi NCR,Government,462000,49,8.7,
Indraprastha Institute of Technology and Management,,Delhi NCR,Engineering,125000,8.7,8.3,
Indubhai Parekh School of Architecture,Rajkot,Gujarat,Private,129000,6.5,6.5,
Indus International University,Una,Himachal Pradesh,Private,62000,6.5,6.8,
Indus University,Ahmedabad,Gujarat,Private,110600,30,8.5,
"Indus University, Ahmedabad",,Gujarat,Engineering,96000,6.8,7.5,
Institute of Advanced Studies in Education,,Rajasthan,Engineering,79400,7.5,8.2,
Institute of Aeronautical Engineering,,Telangana,Engineering,90000,8,8.3,
"Institute of Architecture & Planning, Nirma University",Ahmedabad,Gujarat,Private,152200,6.5,6.5,
Institute of Chemical Technology,Mumbai,Maharashtra,University,85350,12,8.5,35
"Institute of Communication and Information Technology, Kohima",,Nagaland,Engineering,150000,6,6.5,
Institute of Dental Sciences,Jammu,Jammu & Kashmir,Private,345000,6.5,6.5,
"Institute of Engineering and Technology, Devi Ahilya University",Indore,Madhya Pradesh,Private,105950,57,7.7,
Institute of Hotel Management,Gurdaspur,Punjab,Government,109600,3.65,5.5,
Institute of Hotel Management Catering and Nutrition,Shimla,Himachal Pradesh,Government,129415,6.5,7,
Institute of Hotel Management Catering Technology and Applied Nutrition,Srinagar,Jammu & Kashmir,Government,106900,6.5,7,
Institute of Information Technology & Management,,Madhya Pradesh,Engineering,77000,8.5,8.5,
Institute of Infrastructure Technology Research and Management,Ahmedabad,Gujarat,Government,128000,6.5,7.6,
"Institute of Law, Nirma University",Ahmedabad,Gujarat,Private,400700,19.5,8,
"Institute of Management Studies, Banaras Hindu University",Varanasi,Uttar Pradesh,Government,70000,23.5,8.5,
Institute of Medical Sciences,Varanasi,Uttar Pradesh,Government,149000,6.5,7,
Institute of Rural Management,Anand,Gujarat,Private,1074508,31.16,8.5,
Institute of Technical Education and Research,,Odisha,Engineering,250000,8.3,8.2,
"Institute of Technology, Nirma University, Ahmedabad",,Gujarat,Engineering,197200,8,8.3,
"Integral University, Lucknow",,Uttar Pradesh,Engineering,140000,6.5,7.4,
International Institute of Hotel Management,,Goa,Engineering,150000,9.1,8.7,
International Institute of Information Technology,Bangalore,Karnataka,Private,460000,6.5,8.7,
International Institute of Information Technology Hyderabad,Hyderabad,Telangana,University,340000,25,9,74
IPS Academy,Indore,Madhya Pradesh,Private,126700,6.5,6.5,
ISF College of pharmacy,Moga,Punjab,Private,90000,5,6,
ISI Kolkata,Kolkata,West Bengal,Central University,80000,18,9,
Islamic University of Science and Technology,Pulwama,Jammu & Kashmir,Government,76200,6.5,7.4,
"ITM University, Raipur",,Chhattisgarh,Engineering,120000,7.2,7.4,
"ITM University, School of Management",Gwalior,Madhya Pradesh,Private,205000,45,8.5,
"J.C. Bose University Of Science And Technology,",,Delhi NCR,Engineering,83625,7.7,7.3,
"J.C. Bose University Of Science And Technology, YMCA",Faridabad,Haryana,Government,112866,47,8.5,
J.S. University,,Uttar Pradesh,Engineering,47500,8.2,8.5,
Jabalpur Engineering College,Jabalpur,Madhya Pradesh,Government,14369,7,7.2,
Jadavpur University,Kolkata,West Bengal,University,2400,8,7,9
"Jagannath University, Jaipur",,Rajasthan,Engineering,114000,6.9,7.3,
Jagran Lakecity University,Bhopal,Madhya Pradesh,Private,180000,12,8,
Jai Narain Vyas University,Jodhpur,Rajasthan,Government,2570,6.5,7,
Jai Prakash University,Chapra,Bihar,Government,3846,6.5,7,
"Jain University, Bangalore",Bengaluru,Karnataka,University,200000,8,7,65
"Jaipur Engineering College and Research Centre, Jaipur",,Rajasthan,Engineering,92000,8.1,7.7,
Jaipur National University,,Rajasthan,Engineering,114000,6.7,7.5,
Jaipuria Institute of Management,Lucknow,Uttar Pradesh,Private,755000,36.64,8.5,
Jalpaiguri Government Engineering College,,West Bengal,Engineering,14877,7.3,7.8,
Jamia Hamdard,New Delhi,Delhi,University,115000,8,7,40
Jamia Millia Islamia,New Delhi,Delhi,University,90000,9,8.2,3
"Jamia Millia Islamia University, New Delhi",,Delhi NCR,Engineering,16150,7.2,8,
Jamia Tul Banat Saifni,Srinagar,Jammu & Kashmir,Private,43000,6.5,6.5,
Jammu Institute of Ayurveda and Research College,Jammu,Jammu & Kashmir,Private,354665,6.5,6.5,
Jawahar Lal Nehru Medical College,Aligarh,Uttar Pradesh,Government,239200,6.5,7,
Jawaharlal Nehru Government Engineering College,Sundarnagar,Himachal Pradesh,Government,60000,6.5,6.6,
Jawaharlal Nehru Medical College,Ajmer,Rajasthan,Government,125265,6.5,7,
Jawaharlal Nehru Technological University,,Andhra Pradesh,Engineering,100000,7.1,7.4,
Jawaharlal Nehru University,New Delhi,Delhi,University,200000,8.5,8.8,2
Jaypee Institute of Information Technology University,Noida,Uttar Pradesh,Private,406000,11,7.8,
Jaypee University of Engineering and Technology,,Madhya Pradesh,Engineering,189500,7.4,7.9,
JECRC University,,Rajasthan,Engineering,185000,8.1,8.1,
Jhalawar Hospital & Medical College,Jhalawar,Rajasthan,Government,125246,6.5,7,
Jharkhand Rai University,,Jharkhand,Engineering,85000,6.9,7.7,
JIIT Noida,Noida,Uttar Pradesh,Private,450000,11,8,
JIS College of Engineering,,West Bengal,Engineering,129800,7.8,7.9,
Jiwaji University,Gwalior,Madhya Pradesh,Government,23320,5,6,
"JNTUA College of Engineering, Ananthapur",,Andhra Pradesh,Engineering,25000,6.3,7,
JNTUH Hyderabad,Hyderabad,Telangana,State University,150000,8.5,7.5,
"JNTUK University College of Engineering, Kakinada, East",,Andhra Pradesh,Engineering,10000,7,7.7,
Jorhat Engineering College,,Assam,Engineering,11000,7.1,7.7,
"Jowai Polytechnic, Jowai",,Meghalaya,Engineering,1500,6,6.5,
JSS Academy of Higher Education and Research,Mysuru,Karnataka,University,200000,8,7,24
JUIT Waknaghat,Solan,Himachal Pradesh,Private,400000,8,6.5,
K L University,,Andhra Pradesh,Engineering,250000,8.3,8.3,
K. J. Somaiya College of Engineering,,Maharashtra,Engineering,286000,8,8.2,
K.R. Mangalam University,Gurgaon,Haryana,Private,120000,56.6,8.5,
Kakatiya Institute of Technology & Science,,Telangana,Engineering,125960,7.9,8.2,
Kalasalingam Academy of Research and Education,Srivilliputhur,Tamil Nadu,University,200000,6.5,7,30
Kalinga Institute of Industrial Technology,Bhubaneswar,Odisha,University,200000,8.5,8,15
Kalpana Chawla Government Medical College,Karnal,Haryana,Government,80000,6.5,7,
Kalyani Government Engineering College,,West Bengal,Engineering,16155,7.4,7.9,
Kamla Nehru College for Women,Kapurthala,Punjab,Private,350000,6.5,6.5,
Kanya Mahavidyalaya,Jalandhar,Punjab,Private,20510,6.5,6.5,
Karaikal Polytechnic College,,Puducherry,Engineering,6000,6,6.5,
Karunya Institute of Technology and Sciences,,Tamil Nadu,Engineering,213500,7.5,7.9,
Kashmir Government Polytechnic,,Jammu,Engineering,2130,7,7.5,
Kashmir Law College,Srinagar,Jammu & Kashmir,Private,105000,6.5,6.5,
Katihar Engineering College,Katihar,Bihar,Engineering,150000,7,7.5,
Katihar Medical College,Katihar,Bihar,Private,1405000,6.5,6.5,
Kaziranga University,,Assam,Engineering,130500,7.2,7.5,
KC Group of Institutions,Una,Himachal Pradesh,Private,274000,6.5,6.5,
KC Law College,Jammu,Jammu & Kashmir,Private,350000,6.5,6.5,
Kerala University,Thiruvananthapuram,Kerala,University,200000,7.5,7,21
Keshav Memorial Institute of Technology,,Telangana,Engineering,111500,9,8.2,
Khalsa College,Amritsar,Punjab,Private,59960,6.5,6.5,
"Khelhoshe Polytechnic Atoizu, Kohima",,Nagaland,Engineering,11100,6,6.5,
KIET Group of Institutions,Ghaziabad,Uttar Pradesh,Private,350000,6.5,6.5,
KIIT University Bhubaneswar,Bhubaneswar,Odisha,Private,350000,8.5,8,
King George`s Medical University,Lucknow,Uttar Pradesh,University,41600,11,7,53
"Kirodimal Institute of Technology, Raigarh",,Chhattisgarh,Engineering,31500,7,7,
"Kite Polytechnic College, Budgam",,Jammu,Engineering,150000,6,6.5,
"KK College of Engineering and Management, Dhanbad",,Jharkhand,Engineering,89570,4.7,6.5,
KL University Vijayawada,Vijayawada,Andhra Pradesh,Private,350000,8,6.5,
KLE Society's Institute of Hotel Management and Catering Technology,Bangalore,Karnataka,Private,110000,6.5,6.5,
KLE Society's Law College,Bangalore,Karnataka,Private,120000,6.5,6.5,
"KLE Technological University, Hubli",,Karnataka,Engineering,15000,8.4,8.4,
"KMCT College of Engineering, Kozhikode",,Kerala,Engineering,75000,5.7,7.3,
Koneru Lakshmaiah Education Foundation University (K L College of Engineering),Vaddeswaram,Andhra Pradesh,University,200000,8,7,22
Kongu Engineering College,,Tamil Nadu,Engineering,60000,8.3,8.3,
Krea University,Sricity,Andhra Pradesh,Private,1200000,10,6.5,
Krishna Engineering College,,Chhattisgarh,Engineering,75200,6.6,7.4,
Krupajal Engineering College,,Odisha,Engineering,72000,4.9,6.3,
Kumaraguru College of Technology,,Tamil Nadu,Engineering,50000,7.9,8.2,
Kurukshetra University,Kurukshetra,Haryana,Government,12690,6.5,7,
L.D. College of Engineering,Ahmedabad,Gujarat,Government,1280,10,8.1,
Lady Hardinge Medical College,New Delhi,Delhi NCR,Government,1655,6.5,7,
Lakhmi Chand Institute of Technology,,Chhattisgarh,Engineering,71230,5.1,7.2,
Lakshmi Narain College of Technology,Bhopal,Madhya Pradesh,Private,48600,12,5.7,
Langat Singh College,Muzaffarpur,Bihar,Private,855,5,6,
Law College Dehradun,Dehradun,Uttarakhand,Private,164850,6.5,6.5,
"Lingaya's Vidyapeeth, Faridabad",,Haryana,Engineering,134500,7.3,7.8,
LJ University,Ahmedabad,Gujarat,Private,103000,15,8,
Lloyd Law College,Greater Noida,Uttar Pradesh,Private,900000,6.5,6.5,
LLRM Medical College,Meerut,Uttar Pradesh,Government,43000,6.5,7,
"LM Thapar School of Management, Derabassi",Chandigarh,Chandigarh,Private,670000,24.81,8.5,
LNCT University,Bhopal,Madhya Pradesh,Private,60000,6.5,9,
Loknayak Jai Prakash Institute Of Technology,,Bihar,Engineering,150000,6.3,7.9,
"Longowal Polytechnic College, Chandigarh",,Chandigarh,Engineering,150000,6,6.5,
Lovely Professional University,Phagwara,Punjab,University,349000,7,7.5,27
LPU Online,Jalandhar,Punjab,Private,100000,7.25,6.5,
LR Group of Institutes,Solan,Himachal Pradesh,Private,85820,8,6.5,
LR Institute of Engineering and Technology,Solan,Himachal Pradesh,Private,296000,6,6.5,
"LR Institute of Engineering and Technology, Solan",,Himachal Pradesh,Engineering,296000,5,6.4,
Madan Mohan Malaviya University of Technology,Gorakhpur,Uttar Pradesh,University,275200,9,7,94
Madhav University,Gwalior,Rajasthan,Engineering,70000,7.3,7.8,
Madhubani Medical College,Madhubani,Bihar,Private,5400000,6.5,6.5,
Madurai Kamaraj University,Madurai,Tamil Nadu,University,200000,7,7,63
Maharaja Agrasen Himalayan Garhwal University,Garhwal,Uttarakhand,Private,20000,6.5,6.5,
Maharaja Agrasen University,Solan,Himachal Pradesh,Private,133800,7.5,7.5,
"Maharaja Ranjit Singh Punjab Technical University, Bathinda",,Punjab,Engineering,170600,8.1,8.2,
Maharaja Sayajirao University of Baroda,Vadodara,Gujarat,Government,10900,6.5,7,
Maharaja Surajmal Institute of Technology,,Delhi NCR,Engineering,135300,7.7,7.3,
Maharana Pratap Government College,Una,Himachal Pradesh,Government,725,6.5,7,
Maharana Pratap University of Agriculture and Technology,,Rajasthan,Engineering,87800,7.9,8,
Maharani Laxmi Bai Medical College,Jhansi,Uttar Pradesh,Government,42000,6.5,7,
Maharishi Markandeshwar (Deemed to be University),Ambala,Haryana,University,1883300,7,7,71
Maharshi Dayanand University,Rohtak,Haryana,Government,4962,6.5,7,
Mahatma Gandhi Government Engineering College,,Himachal Pradesh,Engineering,120000,4,5.8,
Mahatma Gandhi Medical College and Hospital,Jaipur,Rajasthan,Private,2250000,6.5,6.5,
Mahatma Gandhi Memorial Medical College,Indore,Madhya Pradesh,Government,118000,6.5,7,
Mahatma Gandhi University,Kottayam,Kerala,University,16000,7.3,7,37
Mahatma Jyotiba Phule Rohilkhand University,Bareilly,Uttar Pradesh,Government,20900,6.5,7,
"Mahindra University, Hyderabad",,Telangana,Engineering,470000,7.8,8.8,
Malaviya National Institute of Technology,Jaipur,Rajasthan,Government,345187,12,8.2,
Malla Reddy Engineering College,,Telangana,Engineering,103000,7.1,7.4,
Manakula Vinayagar Institute of Technology,,Puducherry,Engineering,244000,7.5,7.4,
Manav Bharti University,Solan,Himachal Pradesh,Private,25000,6.5,6.2,
Manav Rachna International Institute Of Research And,,Delhi NCR,Engineering,181500,6.5,7.2,
Manav Rachna International Institute of Research and Studies,Faridabad,Haryana,University,200500,7,7,92
Manav Rachna University,,Haryana,Engineering,244000,7.3,7.8,
"Manav Rachna University, Faculty of Engineering",Faridabad,Haryana,Private,5240000,34,8.5,
Mangalam College of Engineering Ettumanoor,,Kerala,Engineering,75000,6.4,6.9,
Manipal Academy of Higher Education,,Karnataka,Engineering,335000,7.8,8.4,
"Manipal Academy of Higher Education, Manipal",Manipal,Karnataka,University,200000,10.5,8.3,4
Manipal University,Jaipur,Rajasthan,Private,350000,10.5,8.4,
"Manipal University, Jaipur",Jaipur,Rajasthan,University,200000,8,7,64
Manipur Technical University,,Manipur,Engineering,63000,6,8.3,
Manipur University,,Manipur,Engineering,61250,7.2,8.1,
"Manonmaniam Sundaranar University, Tirunelveli",Tirunelveli,Tamil Nadu,University,200000,6.5,7,93
Mar Athanasius College of Engineering,,Kerala,Engineering,8225,8.1,8.4,
Marian Engineering College,,Kerala,Engineering,96050,7.9,7.8,
Marwari College,Bhagalpur,Bihar,Private,1196,7,6.5,
"Maryland Institute of Technology And Management, Jamshedpur",,Jharkhand,Engineering,62000,6.3,6.8,
"Masterpro Institute of Technology, Srinagar",,Jammu,Engineering,150000,6,6.5,
Masters' Union,Gurgaon,Haryana,Private,3400384,18,6.5,
Mata Gujri Memorial Medical College & Lions Seva Kendra Hospital,Kishanganj,Bihar,Private,1113000,6.5,6.5,
Mata Gujri University,Kishanganj,Bihar,Private,121000,6.5,6.5,
"Matrusri Engineering College, Hyderabad",,Telangana,Engineering,90000,7,7,
Maulana Abul Kalam Azad University of Technology,,West Bengal,Engineering,49000,7.7,7.7,
Maulana Azad College of Engineering and Technology,Bhopal,Bihar,Engineering,70000,3.5,5.4,
Maulana Azad Medical College,New Delhi,Delhi NCR,Government,4445,6.5,7,
Maya Devi University,Dehradun,Uttarakhand,Private,66000,43.6,8.5,
MBS College of Engineering and Technology,Jammu,Jammu & Kashmir,Private,49000,6.5,6.5,
"MBS College of Engineering and Technology, Jammu",,Jammu,Engineering,49000,3.8,5.7,
MDI Gurgaon,Gurugram,Haryana,Private,1670000,26.2,6.5,
"MEA Engineering College, Malappuram",,Kerala,Engineering,75000,6.6,8.2,
Medical College Baroda,Vadodara,Gujarat,Government,29325,6.5,7,
Mehr Chand Mahajan Dayanand Anglo Vedic College for Women,Chandigarh,Chandigarh,Private,31715,5,6,
"Mepco Schlenk Engineering College, Sivakasi",,Tamil Nadu,Engineering,134000,7.9,8.1,
MICA Ahmedabad,Ahmedabad,Gujarat,Private,1100000,40.91,8.5,
Millia Institute of Technology,,Bihar,Engineering,81050,5.5,6.9,
"MIT University, Shillong",,Meghalaya,Engineering,135000,4.5,3.8,
MIT World Peace University,,Maharashtra,Engineering,310000,7.7,8,
"Mizoram Polytechnic, Lunglei",,Mizoram,Engineering,5550,6,6.5,
Mizoram University,Aizawl,Mizoram,University,39150,5.5,7,77
"Mizoram University, School of Engineering and Technology",,Mizoram,Engineering,29000,5.5,5.7,
"MKSSS's Cummins College of Engineering for Women,",,Maharashtra,Engineering,180836,9,8.3,
MLR Institute of Technology,,Telangana,Engineering,96000,8,8.3,
Model Institute of Engineering and Technology,Jammu,Jammu & Kashmir,Private,113350,18,8,
Modern Vidya Niketan,,Haryana,Engineering,135000,6.8,7,
Mody University,Sikar,Rajasthan,Private,229000,32.88,8.5,
"Monad University, Hapur",,Uttar Pradesh,Engineering,151000,8.2,8,
"Morph Academy, Chandigarh",,Chandigarh,Engineering,170000,8.5,8.3,
MotherHood University,Roorkee,Uttarakhand,Private,37000,6.5,6.5,
"MotherHood University, Roorkee",,Uttarakhand,Engineering,71650,8,8,
Moti Lal Nehru Medical College,Allahabad,Uttar Pradesh,Government,135000,6.5,7,
Motihari College of Engineering,Motihari,Bihar,Government,105000,5.5,6.7,
Motilal Nehru College (Evening),New Delhi,Delhi NCR,Government,12290,6.5,7,
"Motilal Nehru Government Polytechnic College, Pondicherry",,Puducherry,Engineering,150000,6,6.5,
Mount Carmel College,Bangalore,Karnataka,Private,119400,21.5,8.5,
MS Ramaiah Institute of Technology,Bangalore,Karnataka,Private,330000,10,8,
Mukesh Patel School of Technology Management and,,Maharashtra,Engineering,452000,8.1,8.2,
Mumbai University,Mumbai,Maharashtra,University,200000,9,7,61
Muzaffarpur Institute of Technology,Muzaffarpur,Bihar,Government,5530,9,7.1,
Mysore University,Mysuru,Karnataka,University,200000,7,7,54
"Nagaland University, Zunhebotto",,Nagaland,Engineering,26960,7.8,8.1,
Nalanda College of Engineering,Chandi,Bihar,Government,13920,8.6,8.1,
Nalanda Medical College,Patna,Bihar,Government,27600,6.5,7,
NALSAR Hyderabad,Hyderabad,Telangana,NLU,198000,18,8.8,3
Namo Medical Education & Research Institute,Silvassa,Gujarat,Government,58100,6.5,7,
NANDKUMAR SINGH CHOUHAN GOVERNMENT MEDICAL COLLEGE,Khandwa,Madhya Pradesh,Government,126950,6.5,7,
Narayan Medical College & Hospital,Rohtas,Bihar,Private,1475000,6.5,6.5,
Narayana Business School,Ahmedabad,Gujarat,Private,985000,20,8.5,
Narsee Monjee Institute of Management Studies,Chandigarh,Chandigarh,Private,150000,22,8.5,
Narula Institute of Technology,,West Bengal,Engineering,129800,7.8,8,
National Centre for Antarctic and Ocean Research,,Goa,Engineering,150000,6,9.2,
National Council For Hotel Management and Catering Technology,Noida,Uttar Pradesh,Government,125915,6.5,7,
National Institute of Electronics & Information Technology,,Kerala,Engineering,60000,8.8,8.4,
National Institute of Fashion Technology Mumbai,Mumbai,Maharashtra,Government,120000,6.5,7,
National Institute of Fashion Technology Patna,Patna,Bihar,Government,347900,6.5,7,
National Institute of Food Technology Entrepreneurship and,,Delhi NCR,Engineering,171550,8.5,8.1,
National Institute of Foundry & Forge Technology,,Jharkhand,Engineering,47450,8.8,8.4,
National Institute of Industrial Engineering,,Maharashtra,Engineering,598000,9.3,9,
National Institute of Mental Health and Neuro Sciences,Bangalore,Karnataka,Government,91150,6.5,7,
National Institute of Oceanography,,Goa,Engineering,14000,8.3,8.8,
National Institute of Pharmaceutical Education and Research,Mohali,Punjab,Government,140348,6.5,7,
National Institute of Science and Technology,,Odisha,Engineering,121500,7.8,7.9,
National Institute of Technical Teachers Training and,,Haryana,Engineering,44696,7.7,7.7,
National Institute of Technical Teachers Training and Research,Chandigarh,Chandigarh,Government,75500,6.5,7,
National Institute of Technology Uttarakhand,Srinagar Garhwal,Uttarakhand,Government,162043,12.5,7.5,
National Law School of India University,Bangalore,Karnataka,Private,454500,18,8,
National Law University,New Delhi,Delhi NCR,Government,195000,14,7.5,
Navrachana University,,Gujarat,Engineering,114000,7.2,7.7,
NDMC Medical College,New Delhi,Delhi NCR,Government,225000,6.5,7,
NEHU Shillong,Shillong,Meghalaya,Central University,100000,6.5,7.5,
Netaji Subhas Medical College & Hospital,Patna,Bihar,Private,1946200,6.5,6.5,
Netaji Subhas University,Delhi,Jharkhand,Engineering,50000,8.5,9,100
Netaji Subhash Chandra Bose Medical College,Jabalpur,Madhya Pradesh,Government,72600,6.5,7,
NETES Institute of Technology and Science,,Assam,Engineering,90000,7,6.8,
New Horizon College of Engineering,,Karnataka,Engineering,250000,7.8,8,
NID Ahmedabad,Ahmedabad,Gujarat,Government,120000,6.5,7,
NIFT Delhi,New Delhi,Delhi,Government,120000,6.5,7,
Nilai Institute of Technology,,Jharkhand,Engineering,75000,6,6.5,
NIMS University,Jaipur,Rajasthan,Private,2580000,6,6,
Nirma University,Ahmedabad,Gujarat,Private,245800,10,8.4,
NITTE,Mangaluru,Karnataka,University,200000,8,7,66
Nitte Meenakshi Institute of Technology,,Karnataka,Engineering,58806,7.6,7.8,
NLIU Bhopal,Bhopal,Madhya Pradesh,NLU,140000,11,7.5,12
NLSIU Bangalore,Bangalore,Karnataka,NLU,216200,16,9.3,
NLU Delhi,New Delhi,Delhi,NLU,210000,21,9,2
NLU Jodhpur,Jodhpur,Rajasthan,NLU,160000,12,7.8,8
NMAM Institute of Technology,,Karnataka,Engineering,163000,7.5,7.9,
NMIMS University Mumbai,Mumbai,Maharashtra,Private,2100000,23,8.5,
Noida Institute of Engineering and Technology,,Uttar Pradesh,Engineering,614000,7.8,7.6,
North East Frontier Technical University,,Arunachal Pradesh,Engineering,150000,8.7,8.3,
North Eastern Regional Institute of Science and Technology,,Arunachal Pradesh,Engineering,20470,5.1,6.9,
North-Eastern Hill University,,Meghalaya,Engineering,5060,6.6,7.9,
Northern India Institute of Fashion Technology,Mohali,Punjab,Government,119750,6.5,7,
NSS College of Engineering,,Kerala,Engineering,8739,8.2,8.3,
NSUT Delhi,New Delhi,Delhi,State University,185000,14,8.3,
NUJS Kolkata,Kolkata,West Bengal,NLU,210000,16,9,
"O.P. Jindal Global University, Jindal Global Law School",Sonepat,Haryana,Private,700000,18,6.5,
OP Jindal Global University,Sonepat,Haryana,Private,70000,18,6.5,
OP Jindal University,,Chhattisgarh,Engineering,131000,8.4,8.9,
"OPJS University, Churu",,Rajasthan,Engineering,71200,6.3,7.2,
Oriental University,,Madhya Pradesh,Engineering,65000,7.1,7.2,
Orissa Engineering College,,Odisha,Engineering,86500,7.3,7.5,
Osmania University,Hyderabad,Telangana,University,27770,8.4,7,43
P.P. Savani University,Surat,Gujarat,Private,97650,6.5,6.5,
"P.P. Savani University, Surat",,Gujarat,Engineering,111500,8.7,9.3,
P.U. Swami Sarvanand Giri Regional Centre,Hoshiarpur,Punjab,Government,114305,6.5,7,
"Pacific University, Udaipur",,Rajasthan,Engineering,80000,7.2,7.7,
"Padre Conceicao College of Engineering, Salcete",,Goa,Engineering,130000,6.8,6.6,
Pandit Bhagwat Dayal Sharma University of Health Sciences,Rohtak,Haryana,Government,24125,6.5,7,
"Pandit Deendayal Energy University, School of Technology",Gandhinagar,Gujarat,Private,253000,42,8.5,
Pandit Deendayal Petroleum University / (Energy,,Gujarat,Engineering,253000,8.1,8.6,
"Pandit Deendayal Petroleum University, School of Technology",,Gujarat,Engineering,253000,7.9,8.6,
Pandit Deendayal Upadhyay Medical College,Rajkot,Gujarat,Government,25000,6.5,7,
Panjab University,Chandigarh,Chandigarh,State University,20885,8,7.5,38
Parala Maharaja Engineering College,,Odisha,Engineering,33400,5.7,7.3,
Parul University,Vadodara,Gujarat,Private,102300,45.98,8.5,
Patna Law College,Patna,Bihar,Government,2220,6.5,7,
Patna Medical College & Hospital,Patna,Bihar,Government,9500,6.5,7,
Patna University,Patna,Bihar,State University,150000,6.5,7.5,
"PDM University, Bahadurgarh, Bahadurgarh",,Haryana,Engineering,100200,7.1,7.4,
Periyar University,Salem,Tamil Nadu,University,200000,6.5,7,56
Perunthalaivar Kamarajar Institute of Engineering and Technology,,Puducherry,Engineering,31915,8,8,
PES College of Engineering,Bangalore,Karnataka,Engineering,76800,7.3,7.7,
"PG Government College for Girls, Chandigarh",,Chandigarh,Engineering,55260,8.2,8.1,
Pimpri Chinchwad College of Engineering,,Maharashtra,Engineering,138559,8.6,8.1,
Plaksha University,Mohali,Punjab,Private,880000,15,8.5,
"Plaksha, Mohali",,Punjab,Engineering,690000,6,6.5,
"Plastindia International University, Dadra & Nagar Haveli",,Dadra,Engineering,150000,6,6.5,
Pondicherry University,Puducherry,Puducherry,Central University,26218,8,7.8,
"Poornima College of Engineering, Jaipur",,Rajasthan,Engineering,170000,7.6,7.5,
Post Graduate Government College for Girls,Chandigarh,Chandigarh,Government,27092,6.5,7,
Post Graduate Institute of Medical Education & Research,Chandigarh,Chandigarh,Government,3030,6.5,7,
"Pragjyotish College, Guwahati",,Assam,Engineering,24000,4.3,6.5,
Prasad V. Potluri Siddhartha Institute of Technology,,Andhra Pradesh,Engineering,280000,7.9,7.9,
Presidency University Kolkata,Kolkata,West Bengal,State University,150000,7.5,7.5,
"Presidency University, Bangalore",,Karnataka,Engineering,210000,8.2,8.3,
Prestige Institute of Management and Research,Indore,Madhya Pradesh,Private,159000,32,8.5,
PSG College of Technology,Coimbatore,Tamil Nadu,Private,87000,7.5,9,51
"PSV College of Engineering and Technology, Pondicherry",,Puducherry,Engineering,30000,5,5.3,
Pt Bhagwat Dayal Sharma Post Graduate Institute of Medical Sciences,Rohtak,Haryana,Government,12395,6.5,7,
Pt. Jawahar Lal Nehru Government Medical College and Hospital,Chamba,Himachal Pradesh,Government,60000,6.5,7,
Pune University SPPU,Pune,Maharashtra,State University,150000,9,7.5,
Punjab Agricultural University,Ludhiana,Punjab,University,94960,7,7,57
Punjab Engineering College University of Technology,Chandigarh,Chandigarh,Government,207000,52,8,
Punjab Institute of Medical Sciences,Jalandhar,Punjab,Private,529500,6.5,6.5,
Purnea College of Engineering,Purnea,Bihar,Engineering,150000,6,8.5,
Quantum University,Roorkee,Uttarakhand,Private,172500,33.5,8.5,
Quest Group of Institutions,Mohali,Punjab,Private,100200,6.5,6.5,
R V College of Engineering,,Karnataka,Engineering,350000,9,8.5,
R V S College of Engineering and Technology,,Puducherry,Engineering,40000,6,6.5,
R.H. Patel Institute of Management,Kheda,Gujarat,Private,56000,6.5,6.5,
Radha Govind University,,Jharkhand,Engineering,60000,8.4,8.6,
Raghu Engineering College,,Andhra Pradesh,Engineering,85000,8.5,8.1,
Raipur Institute of Technology,,Chhattisgarh,Engineering,273000,8,8,
Rajagiri School of Engineering & Technology,,Kerala,Engineering,87000,8.6,8.2,
Rajalakshmi Engineering College,,Tamil Nadu,Engineering,50000,8.3,7.8,
Rajasthan University,Jaipur,Rajasthan,State University,150000,6,7.5,
Rajasthan University of Health Sciences,Jaipur,Rajasthan,Government,85000,6.5,7,
Rajeev Gandhi Memorial College of Engineering and,,Andhra Pradesh,Engineering,69100,6.2,7.4,
"Rajiv Gandhi College of Engineering and Technology, Pondicherry",,Puducherry,Engineering,40000,6.9,6.8,
Rajiv Gandhi Government Polytechnic,,Arunachal Pradesh,Engineering,15350,6,6.5,
Rajiv Gandhi govt. Engineering college,Kangra,Himachal Pradesh,Government,56870,6,7,
"Rajiv Gandhi govt. Engineering college, Kangra",,Himachal Pradesh,Engineering,61070,5.6,7.5,
Rajiv Gandhi Institute of Petroleum Technology,Amethi,Uttar Pradesh,Government,256000,24,8.6,
Rajiv Gandhi National University of Law,Patiala,Punjab,Government,242500,10,7,
Rajiv Gandhi Proudyogiki Vishwavidyalaya,Bhopal,Madhya Pradesh,Government,44500,18,8,
Rajiv Gandhi University,,Arunachal Pradesh,Engineering,19850,5.4,7,
"Rajiv Gandhi University of Knowledge Technologies,",,Andhra Pradesh,Engineering,39000,7.7,8.2,
"Rama University, Kanpur",,Uttar Pradesh,Engineering,90000,6.6,6.7,
Ramaiah Institute of Technology,,Karnataka,Engineering,86226,8.3,8.4,
Ramchandra Chandarvansi Institute of Technology,,Jharkhand,Engineering,63200,7,7.7,
Ramgarh Engineering College,,Jharkhand,Engineering,150000,4.6,6.7,
"Ramgovind Institute of Technology, Kodarma",,Jharkhand,Engineering,34000,2.5,4.9,
Ramrao Adik Institute of Technology,,Maharashtra,Engineering,325000,8.7,8.6,
Ras Bihari Bose Subharti University,Dehradun,Uttarakhand,Private,240000,6.5,6.5,
Rashtrakavi Ramdhari Singh Dinkar College of Engineering,,Bihar,Engineering,2630,4.7,6.5,
Rashtrasant Tukadoji Maharaj Nagpur University,,Maharashtra,Engineering,33600,6.9,7.5,
"Rayat Bahra University, Mohali",,Punjab,Engineering,100000,7.4,7.7,
RDJM Medical College & Hospital,Muzaffarpur,Bihar,Private,1390000,6.5,6.5,
"Regency Institute of Technology, Yanam",,Puducherry,Engineering,41263,4.4,5.7,
Regional Institute of Science and Technolog,,Meghalaya,Engineering,125000,7,8.2,
"REVA University, Bangalore",,Karnataka,Engineering,225000,7.8,8.4,
Rewa Engineering College,Rewa,Madhya Pradesh,Government,49800,6,7,
RIMT University,Gobindgarh,Punjab,Private,193000,6,6,
"RIMT University, Gobindgarh",,Punjab,Engineering,135000,6.7,7.6,
RK University,,Gujarat,Engineering,76500,7.8,8.5,
"RKDF University, Bhopal",,Madhya Pradesh,Engineering,55000,6.5,7.6,
"RKDF University, Ranchi",,Jharkhand,Engineering,110000,6,6.5,
RNT Medical College,Udaipur,Rajasthan,Government,125246,6.5,7,
Roorkee Institute of Technology,Roorkee,Uttarakhand,Private,109900,18,8,
Royal Global University,,Assam,Engineering,142000,6.5,7.6,
Royal School of Engineering and Technology,,Assam,Engineering,142000,4,6.2,
"RP Sharma Institute of Technology, Patna",,Bihar,Engineering,85000,5.1,6.8,
RSR Rungta College of Engineering and Technology,,Chhattisgarh,Engineering,75100,7.3,7.5,
RTC Institute of Technology,,Jharkhand,Engineering,78800,7.4,7.7,
RTM Nagpur University,Nagpur,Maharashtra,State University,150000,7,7.5,
RUHS College of Medical Sciences,Jaipur,Rajasthan,Government,125246,6.5,7,
Rungta College of Engineering and Technology,,Chhattisgarh,Engineering,76100,8.2,7.7,
RV College of Architecture,Bangalore,Karnataka,Private,113060,6.5,6.5,
RV College of Engineering,Bangalore,Karnataka,Private,155000,8,7.7,63
RVS College of Engineering and Technology,,Jharkhand,Engineering,89400,7.5,7.7,
S.R.M. Institute of Science and Technology,Chennai,Tamil Nadu,University,200000,7.58,7,12
Sagi Ramakrishnam Raju Engineering College,,Andhra Pradesh,Engineering,30000,8.2,8.2,
Saharsa College of Engineering,,Bihar,Engineering,150000,6,7.7,
Sahibzada Ajit Singh Group of Institutions,Mohali,Punjab,Private,71200,6.5,6.5,
Sahrdaya College of Engineering,,Kerala,Engineering,35000,6.6,7.1,
"Sai Nath University, Ranchi",,Jharkhand,Engineering,53000,6.9,6.8,
"Saintgits College of Engineering, Kottayam",,Kerala,Engineering,75000,7.8,8.3,
SAL Education Campus,Ahmedabad,Gujarat,Private,64000,6.5,6.5,
"Sandip University, Madhuban",,Bihar,Engineering,160000,8.2,8.4,
"Sangam University, School of Management Studies",Bhilwara,Rajasthan,Private,138500,6.5,6.5,
Sanjay Gandhi Postgraduate Institute of Medical Sciences,Lucknow,Uttar Pradesh,Government,43250,6.5,7,
Sanskriti University,,Uttar Pradesh,Engineering,115000,6.9,7,
Sant Baba Bhag Singh University,Jalandhar,Punjab,Private,46850,7,8.5,
Sant Longowal Institute of Engineering and Technology,Longowal,Punjab,University,88000,8.5,7.5,85
Sarala Birla University,,Jharkhand,Engineering,131200,8.4,8.5,
Sardar Patel Medical College,Bikaner,Rajasthan,Government,125300,6.5,7,
Sardar Patel University,Vallabh Vidyanagar,Gujarat,Government,89907,6,7.8,
Sardar Vallabhbhai National Institute of Technology,Surat,Gujarat,Government,185000,10.19,8,
Sarojini Naidu Medical College,Agra,Uttar Pradesh,Government,36000,6.5,7,
Sarvajanik University,Surat,Gujarat,Private,49750,23,8.5,
SASTRA University,Thanjavur,Tamil Nadu,Private,350000,7.5,6.5,
"SASTRA University, Thanjavur",,Tamil Nadu,Engineering,167000,8.7,8.1,
Sathyabama Institute of Science and Technology,Chennai,Tamil Nadu,University,200000,6.5,7,51
Saurashtra University,Rajkot,Gujarat,Government,120000,6.5,7,
Saveetha Engineering College,,Tamil Nadu,Engineering,85000,7.7,8,
Saveetha Institute of Medical and Technical Sciences,Chennai,Tamil Nadu,University,200000,7,7,11
Savitribai Phule Pune University,Pune,Maharashtra,University,200000,9,8,23
SCD Government College,Ludhiana,Punjab,Government,7600,6.5,7,
Scholar's Institute of Technology and Management,,Assam,Engineering,125000,3,5.5,
"School of Engineering and Technology, NCU",,Delhi NCR,Engineering,260000,6,9,
"School of Law, Christ University",Bangalore,Karnataka,Private,322000,6.5,6.5,
School of Management - IIT Mandi,Mandi,Himachal Pradesh,Government,407000,6.5,7,
Seacom Skills University,,West Bengal,Engineering,82000,6.7,7.5,
"Seemanta Engineering College, Mayurbhanj",,Odisha,Engineering,220000,7,8,
Seth Jai Parkash Mukand Lal Institute of,,Haryana,Engineering,89090,6.8,7.3,
Shaheed Bhagat Singh Evening College,New Delhi,Delhi NCR,Government,16575,6.5,7,
Shanmugha Arts Science Technology and Research Academy,Thanjavur,Tamil Nadu,University,200000,7.5,7,28
Sharda University,Greater Noida,Uttar Pradesh,Private,163770,7,6.5,86
"Sharda University, School of Medical Sciences and Research",Greater Noida,Uttar Pradesh,Private,1269319,6.5,6.5,
Sher-e-Kashmir University of Agricultural Sciences and Technology,,Jammu,Engineering,60000,5.9,7.4,
Sher-e-Kashmir University of Agricultural Sciences and Technology of Jammu,Jammu,Jammu & Kashmir,Government,26900,6.5,7,
Sher-e-Kashmir University of Agricultural Sciences and Technology of Kashmir,Srinagar,Jammu & Kashmir,Government,30600,6.5,7,
Sher-i-Kashmir Institute of Medical Sciences,Srinagar,Jammu & Kashmir,Government,94500,6.5,7,
Shershah College of Engineering,,Bihar,Engineering,5000,6.5,7.6,
"Shillong Polytechnic, Mawlai",,Meghalaya,Engineering,150000,6,6.5,
Shiv Nadar University,Greater Noida,Uttar Pradesh,Private,200000,12,8.5,62
"Shiva Group of Institutions, Bilaspur",,Himachal Pradesh,Engineering,72200,3.5,5,
Shivaji College,New Delhi,Delhi NCR,Government,20570,24,8.5,
Shivalik College of Engineering,Dehradun,Uttarakhand,Private,143900,42,7.2,
"Shobhit University, Meerut",,Uttar Pradesh,Engineering,111200,7,7.8,
Shoolini University,Solan,Himachal Pradesh,Private,260000,42,8.5,
Shoolini University of Biotechnology and Management Sciences,Solan,Himachal Pradesh,University,200000,8,7,70
Shree Narayan Medical Institute & Hospital,Saharsa,Bihar,Private,1600000,6.5,6.5,
"Shree Rayeshwar Institute of Engineering and Information Technology, North Goa",,Goa,Engineering,102300,7.2,6.6,
Shri Govind Guru University,Godhra,Gujarat,Government,1465,6.5,7,
Shri Govindram Seksaria Institute of Technology and,Indore,Madhya Pradesh,Engineering,75550,7.5,7.4,
Shri Guru Ram Rai Institute of Medical and Health Sciences,Dehradun,Uttarakhand,Private,2185000,6.5,6.5,
Shri Guru Ram Rai University,Dehradun,Uttarakhand,Private,40050,12,7.5,
Shri Krishna Medical College,Muzaffarpur,Bihar,Government,49800,6.5,7,
Shri Lal Bahadur Shastri Government Medical College & Hospital,Mandi,Himachal Pradesh,Government,60000,6.5,7,
Shri Mata Vaishno Devi University,Katra,Jammu & Kashmir,Government,163990,19.5,7.6,
Shri Ram College of Commerce,New Delhi,Delhi NCR,Government,32420,35,8.5,
Shri Ramdeobaba College of Engineering and Management,,Maharashtra,Engineering,145000,8.3,8.1,
Shri Rawatpura Sarkar University,,Chhattisgarh,Engineering,40600,8.5,8.5,
Shri Shankaracharya Group of Institutions,,Chhattisgarh,Engineering,283000,7,7.6,
Shri Shankaracharya Institute of Professional Management and,,Chhattisgarh,Engineering,73880,7.7,8,
Shri Vaishnav Institute of Management and Science,Indore,Madhya Pradesh,Private,61500,9,7,
Shri Vishnu Engineering College for Women,,Andhra Pradesh,Engineering,95000,8.8,8.8,
"Shridhar University, Pilani",,Rajasthan,Engineering,99300,7.3,6.7,
Shrimant Rajmata Vijayaraje Scindia Medical College Shivpuri,Shivpuri,Madhya Pradesh,Government,130000,6.5,7,
Siddaganga Institute of Technology,,Karnataka,Engineering,79475,8,7.8,
Sikkim Manipal University,,Sikkim,Engineering,260000,6.8,7.4,
Siksha `O` Anusandhan,Bhubaneswar,Odisha,University,200000,7.5,7,14
Silicon Institute of Technology,,Odisha,Engineering,600000,7.7,7.7,
Siliguri Institute of Technology,,West Bengal,Engineering,393000,7.2,7.8,
"Singhania University, Jhunjhunu",,Rajasthan,Engineering,42000,7,7.1,
Sister Nivedita University,,West Bengal,Engineering,149500,7.8,8.2,
Sitamarhi Institute of Technology,Sitamarhi,Bihar,Engineering,150000,4.7,5.6,
Sityog Institute of Technology,Aurangabad,Bihar,Private,120000,5.7,6,
"Sityog Institute of Technology, Aurangabad",,Bihar,Engineering,111000,6.2,7.3,
SMS Medical College,Jaipur,Rajasthan,Government,125300,6.5,7,
SOIL Institute of Management,Gurgaon,Haryana,Private,1533226,20.7,8.5,
"Sona College of Technology, Salem",,Tamil Nadu,Engineering,200000,7.9,8.1,
Sophia Homeopathic Medical College and Research Center,Gwalior,Madhya Pradesh,Private,315000,6.5,6.5,
SRCC Delhi,New Delhi,Delhi,Government,45000,10,7,
Sree Chitra Thirunal College of Engineering,,Kerala,Engineering,62668,8.3,8,
Sree Vidyanikethan Engineering College,,Andhra Pradesh,Engineering,280000,8.4,8.5,
Sreenidhi Institute of Science and Technology,,Telangana,Engineering,520000,7.7,7.6,
Sri Aurobindo Institute of Medical Sciences,Indore,Madhya Pradesh,Private,1625700,6.5,6.5,
Sri Balaji Vidyapeeth Mahatma Gandhi Medical College,Puducherry,Puducherry,University,200000,7,7,68
"Sri Chakra Maritime College, Pondicherry",,Puducherry,Engineering,150000,6,6.5,
Sri Guru Granth Sahib World University,Fatehgarh Sahib,Punjab,Private,68000,13,8.8,
Sri Guru Ram Das Institute of Medical Sciences & Research,Amritsar,Punjab,Private,1042000,6.5,6.5,
Sri Guru Ram Das University of Health Sciences,Amritsar,Punjab,Private,4554000,6.5,6.5,
Sri Jayachamarajendra College of Engineering,,Karnataka,Engineering,475000,8.7,8.3,
Sri Krishna College of Engineering and Technology,,Tamil Nadu,Engineering,50000,8.2,8.1,
"Sri Manakula Vinayagar Engineering College, Pondicherry",,Puducherry,Engineering,40000,8.1,7.5,
"Sri Manakula Vinayagar Polytechnic College, Pondicherry",,Puducherry,Engineering,17500,6,6.5,
Sri Ramachandra Institute of Higher Education and Research,Chennai,Tamil Nadu,University,200000,10,7,55
Sri Ramakrishna Engineering College,,Tamil Nadu,Engineering,55000,8.3,8.1,
Sri Sai College of Education,Pathankot,Punjab,Private,44000,6.5,6.5,
Sri Sai University,,Himachal Pradesh,Engineering,90000,6.8,7.4,
"Sri Sairam Engineering College, Chennai",,Tamil Nadu,Engineering,50000,7.9,7.7,
Sri Vasavi Engineering College,,Andhra Pradesh,Engineering,189000,7.6,7.9,
Sri Venkateswara University,Tirupati,Andhra Pradesh,University,65000,8.1,7,87
"Sri Venkateswara University College of Engineering, Tirupati",,Andhra Pradesh,Engineering,16395,6.9,7.8,
"SRM Engineering College, Kanchipuram",,Tamil Nadu,Engineering,260000,7.1,7.2,
SRM Institute of Science and Technology Kattankulathur,Chennai,Tamil Nadu,Private,350000,7.58,7.8,
SRM University AP Amaravati,Amaravati,Andhra Pradesh,Private,350000,7,6.5,
"SRM University Delhi NCR, Sonepat",Sonepat,Haryana,Engineering,272000,7.6,7.8,
"SRM University Sikkim, Gangtok",,Sikkim,Engineering,225000,8.3,8.1,
SS Jain Subodh PG College,Jaipur,Rajasthan,Private,25500,6.5,6.5,
SSM College of Engineering and Technology,Baramulla,Jammu & Kashmir,Private,49000,6.5,6.9,
SSN College of Engineering,Chennai,Tamil Nadu,Private,50000,9,8.6,
St Aloysius College,Jabalpur,Madhya Pradesh,Private,24545,6.5,6.5,
St Bede's College,Shimla,Himachal Pradesh,Private,26988,6.5,6.5,
St Joseph's University,Bangalore,Karnataka,Private,20000,6.5,6.5,
"St Martin's Engineering College, Secunderabad",,Telangana,Engineering,80000,7.7,7.7,
St Wilfred's PG College,Jaipur,Rajasthan,Private,54500,6.5,6.5,
St. Andrews Institute of Technology and Management,,Haryana,Engineering,92000,8.6,8.7,
"St. Joseph College Of Engineering, Kanchipuram",,Tamil Nadu,Engineering,60000,8,8,
St. Joseph's College of Commerce,Bangalore,Karnataka,Private,136000,30,8.5,
St. Thomas College of Engineering and Technology-,,Kerala,Engineering,58150,7.8,8.3,
"St.Joseph University, Dimapur",,Nagaland,Engineering,123000,8.1,8.1,
"Starex University, Gurgaon",,Haryana,Engineering,80000,8.5,8.8,
Sumandeep Vidyapeeth,Vadodara,Gujarat,Private,2300000,10,7,
SunRise University,,Delhi NCR,Engineering,72200,7.9,8.1,
Supaul College of Engineering,,Bihar,Engineering,150000,6,6.5,
Suresh Gyan Vihar University,,Rajasthan,Engineering,140000,6.3,7.5,
"Sushant University / Ansal University, Gurgaon",,Haryana,Engineering,241120,7,7.8,
SVKM`s Narsee Monjee Institute of Management Studies,Mumbai,Maharashtra,University,302000,18,7,49
"Swami Keshvanand Institute of Technology, Management and",,Rajasthan,Engineering,98900,8,7.8,
Swami Rama Himalayan University,,Uttarakhand,Engineering,212250,7.1,7,
Swami Vishwatamanand Saraswati Degree College,Rajauri,Jammu & Kashmir,Private,350000,6.5,6.5,
Swami Vivekanand Group Of Institutes,,Chandigarh,Engineering,88960,8.1,8.5,
Swami Vivekanand Industrial Training Centre,,Chandigarh,Engineering,15960,6,6.5,
Swami Vivekanand Institute of Engineering & Technology,Chandigarh,Chandigarh,Private,105000,60,7.6,
Swami Vivekanand Polytechnic College,,Chandigarh,Engineering,32840,6,6.5,
"Swami Vivekanand University, Sagar",,Madhya Pradesh,Engineering,44000,5.6,6.3,
Symbiosis International,Pune,Maharashtra,University,200000,12,8.5,31
Tamil Nadu Agricultural University,Coimbatore,Tamil Nadu,University,200000,6.5,7,84
Tamil Nadu Veterinary and Animal Sciences University,,Tamil Nadu,Engineering,21415,8.2,8.3,
"Tantia University, Sriganganagar",,Rajasthan,Engineering,30000,7.1,8.6,
Tata Institute of Social Sciences,Mumbai,Maharashtra,University,320000,12,8.8,58
Taxila Business School,Jaipur,Rajasthan,Private,960000,25.8,8.5,
Techno College of Engineering Agartala,,Tripura,Engineering,98000,7.8,8,
"Techno India Salt Lake, Kolkata",,West Bengal,Engineering,483800,7.6,7.5,
"Techno India University, Kolkata",,West Bengal,Engineering,89200,7.8,8,
Teerthanker Mahaveer Medical College and Research Center,Moradabad,Uttar Pradesh,Private,2000000,6.5,6.5,
Tezpur University,Tezpur,Assam,University,58186,8,7,69
"Tezpur University, School of Engineering Tezpur, Sonitpur",,Assam,Engineering,47186,6.7,8.1,
Thakur College of Engineering and Technology,,Maharashtra,Engineering,147500,7.9,8.2,
Thapar Institute of Engineering and Technology (Deemed-to-be-university),Patiala,Punjab,University,508000,11.25,8.5,29
THDC Institute of Hydro Power Engineering and,,Uttarakhand,Engineering,73500,5.6,6.9,
The Business School University of Jammu,Jammu,Jammu & Kashmir,Government,57219,6.5,7,
The Global Open University,,Nagaland,Engineering,6525,7.3,7.8,
"The Global University, Itanagar",,Arunachal Pradesh,Engineering,90000,6,6.5,
The LNM Institute of Information Technology,Jaipur,Rajasthan,Private,531400,12,6.5,
The Neotia University,,West Bengal,Engineering,144000,7.8,8.2,
"Thejus Engineering College, Thrissur",,Kerala,Engineering,88400,7.1,8,
Thiagarajar College of Engineering,,Tamil Nadu,Engineering,50000,8.7,8.6,
TIFR Mumbai,Mumbai,Maharashtra,Central University,0,20,9.2,
TKM College of Engineering,,Kerala,Engineering,8410,7.8,8.4,
"Tomi Polytechnic College, Basar",,Arunachal Pradesh,Engineering,45000,6,6.5,
"Trident Academy of Technology, Bhubaneswar",,Odisha,Engineering,108300,7.9,8,
"Trinity College of Engineering, Trivendrum",,Kerala,Engineering,75000,6.1,6.8,
"Tripura Institute of Technology, Agartala",,Tripura,Engineering,12180,6.8,7.6,
"Tripura University, West Tripura",,Tripura,Engineering,55300,6,7.5,
"TTAADC Polytechnic Institute, West Tripura",,Tripura,Engineering,6750,6,6.5,
Tula's Institute,Dehradun,Uttarakhand,Private,186000,36.5,8.5,
"Tula's Institute, Dehradun",,Uttarakhand,Engineering,112500,7.4,7.8,
"Tura Polytechnic College, Tura",,Meghalaya,Engineering,3516,6,6.5,
UEI Global,Lucknow,Uttar Pradesh,Private,300000,24,8.5,
Ujjain Engineering College,,Madhya Pradesh,Engineering,22751,6.4,6.7,
"Uka Tarsadia University, Bardoli",,Gujarat,Engineering,94000,6.9,8.1,
UNIRAJ- University of Rajasthan,Jaipur,Rajasthan,Government,2320,6.5,7,
"Universal Polytechnic College, Chandigarh",,Chandigarh,Engineering,150000,6,6.5,
"University Business School, Panjab University",Chandigarh,Chandigarh,Government,23945,24,8.5,
"University College of Engineering and Technology, Vinoba",,Jharkhand,Engineering,65100,6.1,7,
"University Institute of Engineering and Technology, Maharshi",,Haryana,Engineering,74288,5.7,7.2,
"University Institute of Information Technology, Himachal Pradesh University",Shimla,Himachal Pradesh,Government,122010,8,7.1,
"University Institute of Legal Studies, Panjab University",Chandigarh,Chandigarh,Government,88580,6.5,7,
"University Institute of Technology, Rajiv Gandhi Proudyogiki",,Madhya Pradesh,Engineering,23920,6.3,6.9,
"University Institute of Technology, University Of Burdwan",,West Bengal,Engineering,71200,5.4,6.5,
"University Institute of Tourism and Hospitality Management, Chandigarh University",Chandigarh,Chandigarh,Private,170500,25,8.5,
University of Agricultural Sciences,Bengaluru,Karnataka,University,200000,7,7,90
University of Delhi,Delhi,Delhi,University,21390,10,8.5,6
"University of Delhi, Department of Financial Studies",New Delhi,Delhi NCR,Government,48500,32,8.5,
University of Hyderabad,Hyderabad,Telangana,University,200000,10,8.5,17
University of Jammu,Jammu,Jammu & Kashmir,University,21380,7,7,50
University of Kashmir,Srinagar,Jammu & Kashmir,University,9998,7,7,45
University of Lucknow,Lucknow,Uttar Pradesh,University,200000,7.5,7,97
University of Madras,Chennai,Tamil Nadu,University,75116,8.8,7,39
University of Petroleum and Energy Studies,,Uttarakhand,Engineering,1604500,7.7,8.1,
University School of Law and Legal Studies,New Delhi,Delhi NCR,Government,167500,6.5,7,
UPES,Dehradun,Uttarakhand,University,200000,9,7,46
UPES Dehradun,Dehradun,Uttarakhand,Private,350000,9,7.8,
"UPES, School of Business",Dehradun,Uttarakhand,Private,842000,29,8.5,
"UPES, School of Engineering",Dehradun,Uttarakhand,Private,282000,9,7.5,
Uttaranchal University,Dehradun,Uttarakhand,Private,141980,6.5,6.5,
Vaagdevi College of Engineering,,Telangana,Engineering,86000,7.5,7.8,
Vallurupalli Nageswara Rao Vignana Jyothi Institute of,,Telangana,Engineering,131000,8.4,8.4,
Vardhaman College of Engineering,,Telangana,Engineering,125000,8.1,8.1,
Vardhman Institute of Medical Sciences,Nalanda,Bihar,Government,29800,6.5,7,
Vardhman Mahavir Medical College,New Delhi,Delhi NCR,Government,57000,6.5,7,
Vasavi College of Engineering,,Telangana,Engineering,130000,8.8,8,
Veer Chandra Singh Garhwali Government Institute Of Medical Science and Research,Srinagar,Uttarakhand,Government,225000,6.5,7,
Veer Narmad South Gujarat University,Surat,Gujarat,Government,34435,6.5,7,
Veer Surendra Sai University of Technology,,Odisha,Engineering,91280,7.7,7.9,
Veermata Jijabai Technological Institute,,Maharashtra,Engineering,84051,8.7,7.9,
Vel Tech Rangarajan Dr. Sagunthala R & D Institute of Science and Technology,Chennai,Tamil Nadu,University,200000,6,7,96
"VEL Tech, Chennai",,Tamil Nadu,Engineering,50000,8.3,8.2,
Velagapudi Ramakrishna Siddhartha Engineering College,,Andhra Pradesh,Engineering,71050,8.2,8.2,
Vellore Institute of Technology,Vellore,Tamil Nadu,University,198000,9.9,7,10
Venkateshwara Open University,,Arunachal Pradesh,Engineering,10000,7.8,7.9,
VGU Faculty of Engineering & Technology,Jaipur,Rajasthan,Private,210000,54,8.5,
Vidya Memorial Institute of Technology,,Jharkhand,Engineering,53400,8,7.5,
Vidya Vihar Institute of Technology,,Bihar,Engineering,75000,6.8,7,
"Vignan Institute of Technology And Management, Berhampur",,Odisha,Engineering,58000,5.9,7.7,
"Vignan's Foundation for Science, Technology and Research",Guntur,Andhra Pradesh,University,250000,7,7,72
Vinayaka Missions Sikkim University,,Sikkim,Engineering,150000,7.5,7.8,
Vishwakarma Government Engineering College,Ahmedabad,Gujarat,Government,1500,23,7.9,
Vishwakarma Institute of Information Technology,,Maharashtra,Engineering,164000,8,7.8,
"Vishwakarma Institute of Technology, Pune",,Maharashtra,Engineering,179895,7.8,7.5,
Visvesvaraya National Institute of Technology,,Maharashtra,Engineering,149200,7.7,8.1,
Visvesvaraya Technological University,Belgaum,Karnataka,University,200000,8.5,7,75
VIT AP Amaravati,Amaravati,Andhra Pradesh,Private,350000,9,7.8,
VIT Bhopal,Bhopal,Madhya Pradesh,Private,201000,11,7.8,
"VIT Bhopal University, Bhopal",,Madhya Pradesh,Engineering,198000,8.1,7.9,
VIT Chennai,Chennai,Tamil Nadu,Private,350000,9.9,6.5,
VIT University,,Andhra Pradesh,Engineering,198000,8.4,8.2,
VIT Vellore,Vellore,Tamil Nadu,Private,198000,7.5,8.2,14
Vivekananda Global University,Jaipur,Rajasthan,Private,185000,46,8.5,
VJTI Mumbai,Mumbai,Maharashtra,Government,110000,10,8.2,
Walchand College of Engineering,,Maharashtra,Engineering,84935,8.8,8.3,
Wildlife Institute of India,Dehradun,Uttarakhand,Government,1210000,6.5,7,
William Carey University,,Meghalaya,Engineering,106000,8.1,8.5,
Women Institute of Technology,,Uttarakhand,Engineering,75500,6.7,7.9,
Women’s Polytechnic College,,Puducherry,Engineering,6000,6,6.5,
World University of Design,Sonepat,Haryana,Private,320000,12.5,7.5,
Woxsen University,Hyderabad,Telangana,Private,900000,7.5,6.5,
Xavier University,,Odisha,Engineering,308000,6.8,8.2,
XLRI - Xavier School Of Management Delhi-NCR Campus,Jhajjar,Haryana,Private,2590000,26.2,8.5,
XLRI Jamshedpur,Jamshedpur,Jharkhand,Private,3060000,31.08,9,
YBN University,,Jharkhand,Engineering,69600,8.3,8.2,
Yenepoya University,Mangaluru,Karnataka,University,200000,7,7,95
Yeshwantrao Chavan College of Engineering,,Maharashtra,Engineering,151801,7.2,7.6,
Yogananda College of Engineering & Technology,Jammu,Jammu & Kashmir,Private,58703,6.5,5.7,
Zakir Husain Delhi College,New Delhi,Delhi NCR,Government,19273,6.5,7,
Zakir Hussain College of Engineering and Technology,Aligarh,Uttar Pradesh,Government,18990,6.5,7,
